Timestep,q_hip_flexion_r,q_hip_adduction_r,q_hip_rotation_r,q_knee_angle_r,q_ankle_angle_r,q_hip_flexion_l,q_hip_adduction_l,q_hip_rotation_l,q_knee_angle_l,q_ankle_angle_l,q_lumbar_extension,q_lumbar_bending,q_lumbar_rotation,q_arm_flex_r,q_arm_add_r,q_arm_rot_r,q_elbow_flex_r,q_pro_sup_r,q_wrist_flex_r,q_wrist_dev_r,q_arm_flex_l,q_arm_add_l,q_arm_rot_l,q_elbow_flex_l,q_pro_sup_l,q_wrist_flex_l,q_wrist_dev_l,dq_hip_flexion_r,dq_hip_adduction_r,dq_hip_rotation_r,dq_knee_angle_r,dq_ankle_angle_r,dq_hip_flexion_l,dq_hip_adduction_l,dq_hip_rotation_l,dq_knee_angle_l,dq_ankle_angle_l,dq_lumbar_extension,dq_lumbar_bending,dq_lumbar_rotation,dq_arm_flex_r,dq_arm_add_r,dq_arm_rot_r,dq_elbow_flex_r,dq_pro_sup_r,dq_wrist_flex_r,dq_wrist_dev_r,dq_arm_flex_l,dq_arm_add_l,dq_arm_rot_l,dq_elbow_flex_l,dq_pro_sup_l,dq_wrist_flex_l,dq_wrist_dev_l
0,-12.096209,-0.8772118,-9.99645,-4.3856373,10.711027,20.152891,2.680596,2.8984563,-39.456036,0.07584205,-18.19568,-2.5873296,-0.7544826,-6.273211,-23.832844,12.813745,58.154053,87.342964,0.0,0.0,-10.48999,-15.097074,0.033146434,55.886517,83.36544,0.0,0.0,-82.19092,34.498924,3.7004213,46.63513,40.15539,30.833227,-43.60071,-38.861877,341.9609,65.68305,11.09195,19.5826,22.372917,24.858072,-33.131523,-24.301914,73.50875,-2.45548,0.0,0.0,-101.75423,27.620197,-79.20939,-38.152046,-11.3694515,0.0,0.0
1,-12.913067,-0.53460336,-9.889321,-3.9582882,11.14952,20.377546,2.2104306,2.46818,-35.942688,0.692724,-18.082392,-2.389805,-0.5077593,-6.047439,-24.160944,12.547119,58.900455,87.297615,0.0,0.0,-11.5095005,-14.805477,-0.8053523,55.517384,83.251785,0.0,0.0,-80.86469,39.865696,12.887712,39.163013,43.53898,16.310118,-54.443363,-46.443302,362.24777,59.46187,11.213974,26.95654,26.975399,21.685732,-33.901627,-27.628698,75.36926,-2.4083211,0.0,0.0,-103.16333,29.641834,-80.39936,-36.589684,-1.6374952,0.0,0.0
2,-13.715126,-0.15136822,-9.662923,-3.6228287,11.622975,20.43692,1.6306019,1.9255322,-32.21885,1.225714,-17.97702,-2.130064,-0.1866272,-5.838325,-24.501482,12.261772,59.64895,87.28072,0.0,0.0,-12.542127,-14.488026,-1.6529163,55.164978,83.292404,0.0,0.0,-80.078476,43.63578,22.250896,31.900902,46.33038,3.2449021,-63.634075,-54.435734,377.69803,55.310726,10.933241,33.179783,31.863688,19.441305,-34.695084,-29.076029,75.6253,-3.3764691,0.0,0.0,-104.289894,31.75505,-81.09636,-35.0364,7.9902153,0.0,0.0
3,-14.508962,0.29955208,-9.381725,-3.3627684,12.108734,20.37206,0.9552947,1.3459485,-28.337814,1.7007977,-17.883266,-1.772429,0.16803327,-5.6520343,-24.85192,11.951013,60.408165,87.32135,0.0,0.0,-13.588386,-14.155173,-2.4773164,54.829586,83.587265,0.0,0.0,-79.90633,45.52807,30.532337,25.809961,48.12298,-6.7690845,-70.102234,-60.6806,386.10806,54.326225,10.509941,37.88635,35.893402,18.143454,-35.199776,-28.543655,74.00441,-6.2419863,0.0,0.0,-104.70983,33.5941,-81.072495,-34.096592,14.449427,0.0,0.0
4,-15.301521,0.7908521,-9.055027,-3.1586,12.598218,20.22913,0.2137816,0.73367006,-24.401852,2.1802495,-17.795067,-1.3411893,0.5452059,-5.4820285,-25.207396,11.640877,61.155994,87.34319,0.0,0.0,-14.640609,-13.811128,-3.272829,54.501675,83.99728,0.0,0.0,-80.09122,45.163116,36.843796,21.091387,48.875763,-13.025087,-72.79486,-63.367188,386.47427,56.31105,10.014071,40.526524,38.28718,17.819456,-35.106636,-26.330387,70.35245,-10.666229,0.0,0.0,-103.86483,34.871372,-80.29849,-34.192715,16.500477,0.0,0.0
5,-16.099964,1.2612244,-8.657656,-2.9889429,13.091645,20.057467,-0.5551724,0.048542444,-20.543823,2.7489097,-17.700274,-0.89815116,0.95251614,-5.313815,-25.561596,11.377826,61.85108,87.204285,0.0,0.0,-15.685978,-13.456201,-4.050327,54.165573,84.23411,0.0,0.0,-80.16924,42.100708,40.5298,17.469923,48.776882,-15.37296,-70.672035,-60.90607,378.5452,60.257427,9.396393,40.43641,38.498905,18.501448,-34.108814,-22.985384,64.589966,-15.5454445,0.0,0.0,-101.11358,35.348434,-78.86916,-35.632465,14.049429,0.0,0.0
6,-16.908304,1.6653438,-8.190995,-2.8371377,13.584846,19.89725,-1.3018911,-0.69196284,-16.860292,3.4441023,-17.595833,-0.49080366,1.3788499,-5.1328278,-25.905687,11.187211,62.46273,86.8663,0.0,0.0,-16.70631,-13.094298,-4.8195186,53.807262,84.164116,0.0,0.0,-79.81191,36.117924,41.32544,14.5539255,48.05898,-14.014896,-63.274437,-52.67686,362.1861,65.19855,8.578849,37.21698,36.36889,20.069403,-31.98252,-19.153845,56.799797,-19.660044,0.0,0.0,-96.12355,34.85621,-76.76755,-38.50786,7.78084,0.0,0.0
7,-17.717743,1.9946715,-7.7241087,-2.6987987,14.059652,19.767773,-1.9462444,-1.3266321,-13.38407,4.1843996,-17.50127,-0.13376847,1.764979,-4.925839,-26.222687,11.044489,62.98246,86.5425,0.0,0.0,-17.664244,-12.740404,-5.5817027,53.419308,84.028465,0.0,0.0,-79.023964,27.556662,39.887688,11.709976,47.058132,-9.987771,-51.583694,-40.423504,337.63715,70.26061,7.4249644,31.131475,32.667515,22.028894,-28.717875,-15.726323,47.503498,-21.517784,0.0,0.0,-89.33765,33.394176,-73.721245,-42.37984,0.23896421,0.0,0.0
8,-18.520567,2.2455676,-7.3281856,-2.5725927,14.500667,19.684748,-2.411888,-1.6904948,-10.129702,4.8824787,-17.436785,0.16312936,2.0529015,-4.6813974,-26.496511,10.918353,63.40748,86.45311,0.0,0.0,-18.52629,-12.409209,-6.3370094,52.993313,84.08955,0.0,0.0,-77.86397,16.882574,37.03731,8.28513,46.090393,-4.4233,-36.8405,-26.350718,305.1372,74.61978,5.8053536,22.592794,28.269526,23.864578,-24.34765,-13.550559,37.251675,-19.74336,0.0,0.0,-81.3109,31.010178,-69.49097,-46.71715,-5.8688755,0.0,0.0
9,-19.30312,2.3893814,-7.0112123,-2.478694,14.922219,19.666023,-2.677089,-1.772641,-7.189656,5.5443788,-17.398664,0.3702316,2.2552948,-4.4141154,-26.717585,10.79229,63.73235,86.50481,0.0,0.0,-19.283813,-12.111674,-7.0492105,52.51637,84.24275,0.0,0.0,-76.464424,5.2996235,33.879524,3.936248,45.11567,1.787012,-21.174088,-14.3527355,265.03516,77.61497,3.8007166,12.74818,23.80248,25.359114,-19.128115,-12.7912245,26.575207,-14.486632,0.0,0.0,-72.82252,28.036047,-64.714455,-50.68592,-8.721778,0.0,0.0
10,-20.048687,2.3822522,-6.7412415,-2.450582,15.357565,19.730581,-2.7549856,-1.6593846,-4.702194,6.235004,-17.36818,0.44588935,2.4293602,-4.1547456,-26.880682,10.658887,63.950497,86.40839,0.0,0.0,-19.944553,-11.856122,-7.6600437,51.972565,84.15439,0.0,0.0,-75.003716,-5.53033,31.697393,-1.4877515,43.870438,7.9020267,-7.263635,-9.368439,217.7421,78.687355,1.622902,3.2026699,19.73729,26.482529,-13.454371,-13.182175,15.987442,-6.8577123,0.0,0.0,-64.78812,24.980844,-60.575577,-53.265762,-7.0625362,0.0,0.0
11,-20.755966,2.214963,-6.4846835,-2.5087488,15.817766,19.878902,-2.6789577,-1.4814141,-2.763333,6.9883256,-17.339241,0.37893593,2.610241,-3.916853,-26.982735,10.512464,64.058754,86.0624,0.0,0.0,-20.522543,-11.64315,-8.155812,51.370026,83.71606,0.0,0.0,-73.56506,-14.283042,31.184408,-8.031508,42.0995,13.233081,3.0726,-13.594753,164.37064,76.32301,-0.4972152,-4.71973,16.245564,27.146536,-7.723827,-14.439074,6.006676,1.6923342,0.0,0.0,-57.818523,22.157417,-57.687317,-53.836464,-1.0220995,0.0,0.0
12,-21.45587,1.96274,-6.2071714,-2.6417208,16.257305,20.066225,-2.530092,-1.4727257,-1.3784018,7.7574553,-17.336565,0.23192994,2.7777398,-3.6740212,-27.025087,10.352117,64.06157,85.82244,0.0,0.0,-21.042583,-11.45638,-8.626687,50.778275,83.367546,0.0,0.0,-72.0127,-20.401918,31.624033,-15.448104,39.588387,17.177803,10.025782,-22.616882,108.06239,66.754265,-2.2745707,-10.332496,12.813974,27.11382,-2.371836,-16.24012,-2.7723403,8.8786545,0.0,0.0,-51.837345,19.423044,-55.30001,-52.737644,5.9367313,0.0,0.0
13,-22.182123,1.707214,-5.8773327,-2.835714,16.628714,20.24605,-2.3898604,-1.8516326,-0.5335944,8.478551,-17.38508,0.07405494,2.90593,-3.3975933,-27.01093,10.176603,63.966824,86.06099,0.0,0.0,-21.531086,-11.278079,-9.169155,50.26628,83.570244,0.0,0.0,-70.16602,-23.578993,32.09406,-23.478035,36.12543,19.219433,14.196786,-31.112053,52.084793,46.12991,-3.4238038,-13.181976,8.86702,26.096409,2.2192252,-18.327171,-9.824927,12.46012,0.0,0.0,-46.619194,16.554688,-52.458954,-50.457657,10.098472,0.0,0.0
14,-22.913696,1.4724505,-5.510434,-3.100666,16.932135,20.418678,-2.2703652,-2.5048897,-0.245372,8.993278,-17.463715,-0.06808661,2.9858758,-3.110042,-26.951508,9.9800625,63.802284,86.616844,0.0,0.0,-21.987122,-11.113294,-9.758256,49.826702,84.16064,0.0,0.0,-67.76632,-24.594627,31.69083,-31.884356,31.542284,19.387518,16.981882,-34.149544,0.38238737,13.364551,-3.6379263,-13.979295,4.411495,23.444305,6.0393505,-21.154684,-15.041554,11.600881,0.0,0.0,-41.731144,13.30727,-48.26857,-47.551327,10.026547,0.0,0.0
15,-23.595884,1.2463853,-5.1507406,-3.4613476,17.197794,20.613735,-2.1402466,-3.111675,-0.5471564,9.084879,-17.522625,-0.1945854,3.019415,-2.8656404,-26.863195,9.753619,63.608307,86.99505,0.0,0.0,-22.393127,-10.981147,-10.293459,49.404034,84.584335,0.0,0.0,-64.505455,-24.917406,29.523176,-40.44923,25.696018,18.058372,20.282516,-27.055439,-42.71898,-30.888088,-2.59924,-14.171024,-0.1836313,18.283232,9.316369,-25.622599,-18.581833,6.356665,0.0,0.0,-36.604954,9.420128,-41.86944,-44.615604,5.719606,0.0,0.0
16,-24.197132,1.0182135,-4.8358955,-3.9320202,17.43126,20.835403,-1.9684739,-3.426665,-1.3854271,8.598196,-17.530735,-0.31056064,3.0064263,-2.7062705,-26.756136,9.484562,63.411556,86.9003,0.0,0.0,-22.736685,-10.89683,-10.7028475,48.96518,84.50944,0.0,0.0,-60.255016,-25.690477,25.238392,-49.07041,18.261139,15.624549,25.311375,-8.368928,-74.105125,-84.11129,-0.32394776,-14.915275,-4.484599,10.253055,12.326948,-32.178974,-20.938562,-1.8291959,0.0,0.0,-30.797758,4.7611923,-32.892994,-42.038654,-1.5664219,0.0,0.0
17,-24.73843,0.7829525,-4.588679,-4.498071,17.576847,21.024734,-1.7276107,-3.3904471,-2.4925313,7.5312514,-17.502758,-0.4313821,2.941914,-2.6440187,-26.62617,9.1530075,63.207047,86.526474,0.0,0.0,-23.016148,-10.866108,-10.982966,48.535088,84.14958,0.0,0.0,-55.346054,-27.250832,19.797394,-57.863487,8.528811,12.522697,31.586378,15.58591,-93.37909,-139.05135,2.3591945,-16.650265,-7.8892426,0.28424045,15.435994,-40.132618,-23.374523,-8.184206,0.0,0.0,-24.209682,-0.46278146,-22.201914,-39.726208,-7.5822625,0.0,0.0
18,-25.248095,0.53431207,-4.426096,-5.144369,17.575113,21.120611,-1.3922932,-2.9833689,-3.5884433,5.9060626,-17.45908,-0.5745917,2.8228278,-2.685787,-26.466543,8.7377405,62.983276,86.131836,0.0,0.0,-23.231998,-10.89272,-11.14201,48.14283,83.78676,0.0,0.0,-50.090347,-29.759703,14.331079,-67.05722,-4.308549,9.229914,38.365097,37.77425,-101.09823,-187.96631,4.5669346,-19.642527,-9.821662,-10.563426,19.016932,-48.669415,-27.185879,-8.04779,0.0,0.0,-16.781227,-5.996988,-10.820904,-37.520393,-8.13654,0.0,0.0
19,-25.721895,0.25279316,-4.340523,-5.874823,17.411844,21.128899,-0.96203786,-2.30997,-4.5621696,3.7833662,-17.408512,-0.75993294,2.6760213,-2.8373601,-26.2697,8.226598,62.71686,85.90317,0.0,0.0,-23.374153,-10.977498,-11.186535,47.79068,83.58339,0.0,0.0,-44.040283,-32.69569,9.940612,-77.379105,-21.20271,6.719824,44.513115,54.956676,-102.478004,-222.7524,6.0142245,-23.384743,-10.055825,-21.501963,23.253996,-57.141796,-32.6883,-2.9760146,0.0,0.0,-8.619661,-11.378662,-0.011065175,-35.461403,-4.1563106,0.0,0.0
20,-26.135677,-0.08946764,-4.3086076,-6.7056084,17.101212,21.097586,-0.45188764,-1.5527672,-5.4093113,1.2484225,-17.352655,-1.0085573,2.547045,-3.1036396,-26.027502,7.6129446,62.37685,85.98209,0.0,0.0,-23.42621,-11.119352,-11.122482,47.46378,83.62684,0.0,0.0,-36.270443,-35.11056,7.7037864,-89.87541,-43.20029,6.271429,48.65553,66.28484,-105.66962,-235.1301,6.7912045,-26.885303,-8.589731,-31.918036,28.214594,-65.009964,-39.585407,1.5807146,0.0,0.0,0.06717354,-16.018389,8.825558,-33.710743,0.22368553,0.0,0.0
21,-26.464184,-0.49637368,-4.296818,-7.65904,16.61706,21.07718,0.10774403,-0.8393923,-6.1968217,-1.4942435,-17.292652,-1.3235648,2.4684145,-3.481917,-25.731606,6.901899,61.94333,86.3741,0.0,0.0,-23.378521,-11.311583,-10.968368,47.150578,83.91199,0.0,0.0,-26.092438,-36.19096,8.05257,-105.53737,-71.21411,7.951569,49.957355,71.813354,-115.66811,-220.54997,6.728862,-29.211386,-5.8247213,-40.987473,33.76617,-71.490005,-47.598225,1.8049797,0.0,0.0,8.997321,-19.427845,14.635053,-32.230247,1.9015008,0.0,0.0
22,-26.680443,-0.9149818,-4.2478466,-8.773066,15.834991,21.122753,0.6510502,-0.16316837,-7.1589694,-3.9597397,-17.228775,-1.6654495,2.4409292,-3.9520185,-25.372715,6.1253786,61.42223,86.76265,0.0,0.0,-23.237505,-11.534484,-10.772415,46.847603,84.216606,0.0,0.0,-13.382466,-35.45803,9.885139,-125.24033,-105.8815,8.930039,48.87509,73.65959,-129.86673,-183.29094,5.0241475,-29.586786,-3.111348,-47.383396,39.310974,-75.215385,-56.522915,-2.0980487,0.0,0.0,17.726414,-21.365324,17.198435,-30.499628,0.34702915,0.0,0.0
23,-26.756845,-1.2854018,-4.107836,-10.085066,14.626676,21.278034,1.1111448,0.4995677,-8.5241,-5.6486936,-17.164463,-1.9881804,2.4584875,-4.486933,-24.944834,5.3238263,60.82378,86.81174,0.0,0.0,-23.01256,-11.765977,-10.585608,46.554688,84.303734,0.0,0.0,1.8525188,-32.590668,11.8752775,-149.65878,-147.48634,6.077354,46.078888,74.10961,-144.43518,-129.33287,0.8763802,-27.35836,-1.8580284,-49.810646,44.17842,-74.85394,-66.08573,-9.075886,0.0,0.0,25.773167,-21.6502,16.457378,-27.939928,-4.340358,0.0,0.0
24,-26.670984,-1.5825967,-3.8979895,-11.653323,12.942132,21.454885,1.492335,1.174802,-10.226329,-6.4725842,-17.136896,-2.2585523,2.4885824,-5.034353,-24.46327,4.5524955,60.13945,86.51267,0.0,0.0,-22.712948,-11.989323,-10.431646,46.281322,84.141106,0.0,0.0,19.672235,-28.442478,12.790128,-178.35071,-194.46754,-2.3031855,42.45306,74.0207,-154.95447,-67.36396,-5.5419044,-23.002203,-2.438898,-48.43452,47.903698,-70.57013,-75.53271,-15.368903,0.0,0.0,32.916164,-20.46412,12.887167,-24.023037,-9.30565,0.0,0.0
25,-26.40279,-1.8019129,-3.6865811,-13.545413,10.782802,21.48269,1.8414849,1.8875039,-12.012643,-6.5908327,-17.204527,-2.4502437,2.4823756,-5.524636,-23.957857,3.8785079,59.350754,86.060074,0.0,0.0,-22.348251,-12.19037,-10.317858,46.044155,83.82348,0.0,0.0,40.134125,-24.60052,11.452854,-210.10854,-243.99246,-17.014425,39.015476,73.34625,-156.59467,-7.875432,-13.444859,-17.696457,-4.590505,-44.308784,50.13113,-63.447906,-83.778435,-15.521752,0.0,0.0,39.065414,-18.207363,7.285262,-18.258833,-9.974054,0.0,0.0
26,-25.926788,-1.9585794,-3.532454,-15.802957,8.155376,21.241158,2.1916883,2.6383214,-13.67514,-6.169449,-17.3986,-2.5564494,2.410333,-5.9162602,-23.451399,3.3382084,58.458145,85.650505,0.0,0.0,-21.928328,-12.358931,-10.257015,45.864532,83.47949,0.0,0.0,62.733814,-21.84014,7.785969,-243.2148,-292.89932,-37.820793,36.007233,71.7497,-146.5459,40.785862,-22.000723,-12.226983,-7.8459444,-38.50341,50.609283,-54.343033,-89.75138,-7.129627,0.0,0.0,44.124046,-15.319849,0.5147632,-10.40775,-4.252446,0.0,0.0
27,-25.203495,-2.1146061,-3.4702787,-18.408804,5.073156,20.732025,2.5421035,3.3708687,-15.121681,-5.379799,-17.685198,-2.6166167,2.2893035,-6.2356095,-22.948858,2.893782,57.506397,85.477715,0.0,0.0,-21.463085,-12.494293,-10.27555,45.774708,83.31374,0.0,0.0,85.65655,-18.97359,4.323744,-274.802,-337.33798,-62.078186,31.808945,68.23131,-126.79258,75.47485,-30.30045,-6.4126706,-11.281399,-32.08635,49.32801,-43.520115,-92.425606,4.903516,0.0,0.0,47.977474,-12.324275,-6.4251165,-0.8127354,3.9918745,0.0,0.0
28,-24.200752,-2.328757,-3.5228422,-21.325073,1.568262,19.976067,2.8818836,4.022325,-16.275106,-4.394757,-18.022955,-2.6709106,2.1422656,-6.5149007,-22.456064,2.5048876,56.550045,85.7087,0.0,0.0,-20.964367,-12.59727,-10.397134,45.806675,83.513725,0.0,0.0,106.885475,-14.608117,3.8198261,-301.79535,-373.0793,-86.75556,24.688608,61.777775,-100.15335,94.06084,-37.40499,0.009328258,-13.957928,-26.111216,46.34627,-31.227339,-90.87053,14.881356,0.0,0.0,50.512028,-9.753473,-12.527396,10.024931,10.249412,0.0,0.0
29,-22.955923,-2.5541887,-3.6170177,-24.501898,-2.2744565,18.982439,3.1599307,4.585153,-17.103603,-3.3546276,-18.407547,-2.6944044,1.9790703,-6.7551117,-21.994091,2.203979,55.63557,86.20844,0.0,0.0,-20.443594,-12.676313,-10.593619,45.968037,83.94385,0.0,0.0,125.36063,-8.130223,7.049643,-322.15695,-394.8441,-109.59151,14.492097,52.134224,-69.96138,98.81676,-42.556885,6.9129252,-15.6792555,-21.164225,42.03049,-17.974096,-85.25512,20.772541,0.0,0.0,51.824554,-7.974804,-17.251284,21.24442,12.966948,0.0,0.0
30,-21.55212,-2.6775572,-3.6200984,-27.872967,-6.32657,17.754658,3.2987976,5.0836697,-17.598475,-2.3817403,-18.85682,-2.6213,1.8017542,-6.936561,-21.59529,2.070567,54.80768,86.65424,0.0,0.0,-19.913507,-12.744159,-10.804522,46.251537,84.26767,0.0,0.0,140.54158,0.5744278,13.56166,-334.38568,-396.5333,-128.72296,2.0665002,39.531517,-39.93224,94.63434,-45.082573,13.9081,-16.701689,-17.561188,36.942085,-4.469111,-76.42347,22.797522,0.0,0.0,52.129253,-7.262813,-20.322424,31.72779,12.412531,0.0,0.0
31,-20.056498,-2.6257496,-3.446619,-31.346697,-10.414566,16.321718,3.2503397,5.506745,-17.776003,-1.5547432,-19.362366,-2.4193282,1.614877,-7.0596094,-21.275358,2.139857,54.100155,86.85302,0.0,0.0,-19.386091,-12.81293,-10.993113,46.643456,84.29647,0.0,0.0,152.53673,10.908194,22.056664,-337.8593,-372.75314,-142.55592,-11.442279,24.559227,-13.115995,85.89939,-44.44103,20.456789,-17.340933,-15.454948,31.538387,8.805347,-65.20961,21.287296,0.0,0.0,51.734623,-7.867032,-21.349703,40.50908,8.967355,0.0,0.0
32,-18.494602,-2.4235203,-3.1252933,-34.77591,-14.2635145,14.771552,3.0367634,5.7578297,-17.710802,-0.8481894,-19.853037,-2.1371567,1.4290699,-7.1732144,-21.009682,2.3401825,53.520203,86.927155,0.0,0.0,-18.870855,-12.893243,-11.180642,47.115856,84.20048,0.0,0.0,162.99156,20.60726,29.26935,-334.0175,-319.7327,-150.12617,-24.227924,8.623764,9.058493,75.68363,-40.396168,25.683134,-18.038408,-14.620256,26.015085,21.928852,-52.382538,16.745914,0.0,0.0,51.168594,-9.984552,-19.649998,46.999386,3.2067535,0.0,0.0
33,-16.88726,-2.112176,-2.7064126,-38.005363,-17.557278,13.2041645,2.6922212,5.739525,-17.483932,-0.22439387,-20.250973,-1.8333,1.2546042,-7.3280277,-20.771791,2.592633,53.072964,87.02968,0.0,0.0,-18.376951,-12.995925,-11.389388,47.636597,84.18201,0.0,0.0,173.59654,27.285517,31.854685,-324.56784,-235.32199,-150.7126,-34.434193,-6.6560435,25.442223,66.720146,-32.88445,28.729904,-19.253157,-14.771706,20.550209,34.964527,-38.74913,9.776039,0.0,0.0,50.962204,-13.761876,-14.578873,50.726772,-4.2390904,0.0,0.0
34,-15.196909,-1.7480013,-2.2793093,-41.040424,-19.863735,11.684914,2.258541,5.495136,-17.14813,0.35346106,-20.528812,-1.5305007,1.0791242,-7.5193405,-20.568508,2.9221096,52.757545,87.14395,0.0,0.0,-17.889452,-13.140415,-11.567318,48.172337,84.211235,0.0,0.0,184.50684,30.365639,29.127298,-310.61258,-130.19342,-145.59857,-41.32475,-19.376085,36.38333,59.588657,-23.063057,29.737963,-21.466007,-15.539113,15.290943,47.485992,-25.031609,1.5636039,0.0,0.0,51.292435,-18.973557,-6.3057814,52.20227,-12.732075,0.0,0.0
35,-13.35498,-1.397188,-1.9586439,-43.97463,-20.665306,10.262804,1.7829565,5.15485,-16.738451,0.91900307,-20.689009,-1.2300683,0.87677413,-7.7074804,-20.428402,3.4176955,52.57143,87.147064,0.0,0.0,-17.380238,-13.351254,-11.615359,48.68746,84.11362,0.0,0.0,194.87811,30.367289,22.038824,-292.8802,-23.197525,-137.2887,-44.818733,-27.400307,43.08429,53.558212,-12.863237,29.452854,-25.16833,-16.503618,10.384965,58.71328,-11.94338,-6.326412,0.0,0.0,52.11698,-25.155064,4.4862146,52.526134,-21.608633,0.0,0.0
36,-11.332958,-1.10413,-1.8141375,-46.840897,-19.801868,8.966689,1.3059571,4.8193545,-16.286999,1.4815247,-20.741083,-0.9350379,0.62460136,-7.8713365,-20.363796,4.1135645,52.51117,86.97879,0.0,0.0,-16.83423,-13.643301,-11.475119,49.16749,83.79479,0.0,0.0,203.52304,28.103537,11.819972,-271.36316,69.14017,-128.04788,-45.2371,-29.543484,46.792618,48.19902,-3.8431368,28.628468,-30.511816,-17.393183,6.085655,67.61246,-0.19599283,-12.275536,0.0,0.0,53.42873,-31.7475,16.76859,52.529015,-29.633928,0.0,0.0
37,-9.198845,-0.8609823,-1.8076246,-49.524437,-17.967127,7.7781253,0.8517928,4.5159183,-15.819472,1.992477,-20.710217,-0.6533459,0.30706447,-8.035259,-20.347603,4.910827,52.571175,86.73212,0.0,0.0,-16.267925,-14.008183,-11.186748,49.648323,83.35651,0.0,0.0,208.4739,25.045275,0.30544552,-244.31624,136.12596,-119.52539,-43.83268,-26.89148,48.83067,43.846592,3.355434,28.016144,-36.839245,-18.287115,2.8982399,72.55755,9.502525,-14.551695,0.0,0.0,55.31243,-37.97602,28.709312,52.377846,-34.214058,0.0,0.0
38,-7.0314317,-0.6520164,-1.8890415,-51.895348,-15.939784,6.6698647,0.43953547,4.261906,-15.35715,2.4024203,-20.623505,-0.39133587,-0.08958292,-8.227662,-20.34802,5.6968865,52.7428,86.51774,0.0,0.0,-15.699211,-14.434248,-10.802567,50.169712,82.92465,0.0,0.0,207.81573,22.691635,-10.655329,-209.93816,169.1337,-113.18855,-41.960423,-20.87672,50.479538,40.91744,8.271781,28.334652,-43.36462,-19.331484,1.2944843,72.0275,16.530487,-11.615923,0.0,0.0,57.885338,-43.09362,38.53484,52.112003,-32.814537,0.0,0.0
39,-4.910394,-0.4618156,-2.0490966,-53.856865,-14.091674,5.6118565,0.06348717,4.0874496,-14.890032,2.7401154,-20.505602,-0.1338777,-0.56356245,-8.444696,-20.344872,6.4095016,52.983006,86.39838,0.0,0.0,-15.119902,-14.90323,-10.357688,50.72247,82.58255,0.0,0.0,201.55786,21.814835,-19.854628,-169.29248,172.90282,-109.55842,-40.62999,-13.2337475,52.40547,39.525837,10.913514,29.926891,-49.067284,-20.827549,0.97474277,66.69828,21.12831,-4.3733625,0.0,0.0,61.428886,-46.94006,46.290115,51.4294,-25.861519,0.0,0.0
40,-2.9028814,-0.27392316,-2.3044753,-55.347454,-12.526384,4.5657344,-0.3000507,4.0289884,-14.385786,3.085726,-20.379087,0.14915034,-1.1056442,-8.663473,-20.325342,7.0228624,53.22828,86.405235,0.0,0.0,-14.5020895,-15.395278,-9.874037,51.269875,82.38395,0.0,0.0,190.91586,22.714361,-26.556133,-125.035706,160.75113,-108.5214,-40.620293,-5.847159,54.896477,39.57782,11.612462,32.90004,-52.82125,-23.178972,1.1465714,58.620716,24.119253,4.754294,0.0,0.0,66.34155,-49.754364,53.218895,49.814068,-15.631676,0.0,0.0
41,-1.0608618,-0.06964693,-2.6446288,-56.3314,-11.276172,3.4980128,-0.6740544,4.085871,-13.823991,3.490597,-20.262634,0.47978374,-1.6909697,-8.87957,-20.286556,7.523284,53.443756,86.5534,0.0,0.0,-13.822905,-15.896804,-9.355451,51.78054,82.352135,0.0,0.0,177.42375,25.385296,-30.39475,-79.73894,143.7682,-109.48329,-42.31499,-0.09719192,57.910595,40.80753,10.842496,37.094833,-53.93071,-26.584627,1.2578747,49.501842,26.223633,13.291084,0.0,0.0,72.80561,-51.77773,60.128838,47.18383,-4.3543563,0.0,0.0
42,0.6059494,0.17566544,-2.9933693,-56.840866,-10.207059,2.3836472,-1.0804442,4.1680713,-13.211966,3.9370058,-20.165485,0.8610885,-2.258836,-9.133751,-20.249022,7.9270678,53.66381,86.81996,0.0,0.0,-13.070452,-16.410393,-8.762141,52.238396,82.43759,0.0,0.0,163.33635,29.106514,-31.906815,-35.618805,127.57948,-110.706,-45.159657,3.856051,60.63923,42.536392,9.42223,41.725655,-52.747658,-30.75503,1.3393097,40.187164,27.920929,18.688023,0.0,0.0,80.49116,-53.259396,66.77938,44.496307,5.915819,0.0,0.0
43,2.1001306,0.4853531,-3.2738907,-56.918602,-9.167491,1.2037864,-1.5396907,4.1832757,-12.561687,4.3989143,-20.094015,1.293551,-2.7502973,-9.469144,-20.234087,8.254551,53.92955,87.169014,0.0,0.0,-12.233489,-16.941326,-8.052494,52.63387,82.58166,0.0,0.0,150.8567,33.02167,-31.726189,5.345578,116.597664,-110.41584,-48.42559,6.030515,62.248222,44.062748,8.184455,45.899338,-49.749493,-35.335354,1.5146377,31.318213,29.608953,18.680927,0.0,0.0,88.987785,-54.436466,72.80436,42.782963,13.298693,0.0,0.0
44,3.468481,0.8523929,-3.5054586,-56.61718,-8.098432,0.016141865,-2.049323,4.159924,-11.903539,4.861764,-20.038837,1.7718265,-3.1768417,-9.875056,-20.234324,8.51721,54.239502,87.473885,0.0,0.0,-11.305316,-17.489378,-7.2489076,52.998947,82.739395,0.0,0.0,140.6283,35.8618,-30.122522,42.579655,110.695015,-108.32898,-50.904835,6.424438,62.851143,45.07738,7.575361,48.473957,-45.172947,-39.954308,1.9960226,22.803879,31.132698,14.364357,0.0,0.0,97.66694,-55.377995,78.04183,42.225143,17.484676,0.0,0.0
45,4.7942777,1.2525114,-3.7691133,-55.99571,-6.992884,-1.0808058,-2.5951498,4.2020736,-11.275458,5.3209767,-19.98027,2.2894135,-3.5969455,-10.309081,-20.224184,8.722848,54.567036,87.55368,0.0,0.0,-10.277175,-18.054022,-6.4096484,53.393944,82.87547,0.0,0.0,132.23935,36.126343,-27.135326,76.63631,106.82934,-105.09588,-51.111694,5.037075,63.165176,45.527477,7.7899027,48.17994,-39.08652,-44.25814,3.0514226,14.041444,32.000687,8.937783,0.0,0.0,105.81497,-56.054607,82.49436,42.459625,19.19409,0.0,0.0
46,6.119628,1.6517264,-4.0934305,-55.09241,-5.8636203,-2.0416682,-3.1491528,4.3455825,-10.690352,5.773697,-19.903896,2.8196144,-4.0265126,-10.748557,-20.18586,8.863827,54.892056,87.35577,0.0,0.0,-9.153509,-18.630735,-5.571221,53.850384,82.98161,0.0,0.0,125.11461,32.91984,-22.685013,108.132324,102.4852,-101.38228,-48.080498,1.875912,63.65473,45.488342,8.893196,44.235165,-31.742937,-47.925907,4.839663,4.713674,31.792278,4.8092012,0.0,0.0,112.836205,-56.467678,86.19181,43.049797,18.84936,0.0,0.0
47,7.392098,1.9944128,-4.3808246,-53.896397,-4.765435,-2.9524105,-3.6521382,4.4613924,-10.099343,6.2221904,-19.807928,3.288941,-4.3800173,-11.219861,-20.12053,8.896976,55.21161,87.13578,0.0,0.0,-7.967837,-19.207098,-4.7150507,54.331516,83.11385,0.0,0.0,118.28704,26.807747,-16.418598,137.92538,96.46483,-97.85836,-42.10322,-3.0227907,64.16725,45.33616,10.646049,37.036327,-23.832882,-50.727566,7.258074,-4.826239,30.272663,2.434449,0.0,0.0,118.44375,-56.699276,89.242325,43.397186,16.153713,0.0,0.0
48,8.55074,2.225898,-4.524179,-52.39161,-3.7580202,-3.909137,-4.044458,4.4093704,-9.450423,6.6694784,-19.692268,3.6226032,-4.5673447,-11.7519,-20.031683,8.78022,55.523285,87.16579,0.0,0.0,-6.7557406,-19.77078,-3.817343,54.793293,83.32601,0.0,0.0,110.79179,18.569824,-8.072752,166.85886,87.93531,-95.12113,-33.690063,-9.489861,64.44921,45.465282,12.758175,27.198957,-16.155043,-52.449017,10.175804,-14.1465645,27.27865,1.8885126,0.0,0.0,122.42575,-56.857872,91.771614,42.96565,10.776679,0.0,0.0
49,9.594716,2.3376253,-4.5154333,-50.582066,-2.8863866,-4.9083443,-4.312548,4.194223,-8.756568,7.119215,-19.554829,3.8077857,-4.6125417,-12.322549,-19.917574,8.541508,55.80287,87.39873,0.0,0.0,-5.526891,-20.323996,-2.8845472,55.22165,83.54156,0.0,0.0,102.31737,8.992033,1.1740816,195.25583,77.99373,-92.93677,-23.732819,-15.918341,64.12064,45.98327,14.865414,15.854609,-9.998668,-52.906296,13.577415,-23.039957,23.141645,2.1617093,0.0,0.0,124.91041,-57.21713,93.977234,42.182095,3.1743193,0.0,0.0
50,10.556418,2.3496296,-4.408974,-48.492695,-2.1898854,-5.87952,-4.4707503,3.9127855,-8.0746765,7.5734687,-19.392933,3.869956,-4.61132,-12.875092,-19.773676,8.253879,56.011333,87.58601,0.0,0.0,-4.280144,-20.875675,-1.9462314,55.619526,83.601326,0.0,0.0,93.001205,-1.0925128,9.197136,222.98703,68.9943,-90.55984,-13.408142,-19.772146,62.725433,46.814476,16.548046,4.5098944,-6.9846005,-51.934353,17.50396,-31.400728,18.523046,1.5631824,0.0,0.0,126.23028,-58.151833,96.09187,42.08135,-5.6659746,0.0,0.0
51,11.453852,2.2760482,-4.253585,-46.13786,-1.6563517,-6.778984,-4.5338035,3.6471193,-7.444536,8.03707,-19.208841,3.833417,-4.6406207,-13.375022,-19.592588,7.9515843,56.134357,87.578064,0.0,0.0,-3.0145686,-21.439287,-1.01084,56.00242,83.431076,0.0,0.0,82.87134,-11.095964,14.599191,249.96158,62.63738,-87.72515,-3.5731592,-19.649199,60.21158,47.809402,17.489227,-5.7883067,-7.8332567,-49.598743,21.853622,-39.031902,13.916687,-0.6770133,0.0,0.0,126.72019,-59.737965,98.17125,43.239353,-14.554569,0.0,0.0
52,12.258928,2.1146147,-4.0823584,-43.523697,-1.1603698,-7.6192174,-4.513457,3.442844,-6.870644,8.516978,-19.017912,3.7162006,-4.7296143,-13.83614,-19.361214,7.577279,56.21402,87.46559,0.0,0.0,-1.7424586,-22.033295,-0.045087427,56.41073,83.15911,0.0,0.0,71.76256,-20.919807,17.651928,275.90942,59.125072,-85.3504,5.5853744,-16.808327,57.492405,48.644886,17.59655,-14.985558,-11.17962,-46.50563,26.14935,-45.424843,9.446704,-3.1180017,0.0,0.0,126.68611,-61.334534,99.826416,45.12774,-21.765024,0.0,0.0
53,12.93892,1.8612796,-3.9234629,-40.65601,-0.572145,-8.422268,-4.420399,3.334866,-6.3498554,9.019137,-18.836693,3.5340822,-4.8971167,-14.27763,-19.06799,7.069636,56.295506,87.36687,0.0,0.0,-0.47693795,-22.67348,0.98476726,56.883625,82.929726,0.0,0.0,59.532288,-30.5274,18.836723,300.51422,58.349163,-84.446594,13.976109,-12.853154,55.551716,48.99499,16.83113,-23.165977,-15.413477,-43.299656,29.870003,-50.032524,5.1653924,-4.136726,0.0,0.0,126.4029,-62.212624,100.582436,47.08219,-25.581907,0.0,0.0
54,13.482746,1.5179656,-3.7751641,-37.549713,0.10118823,-9.224835,-4.257392,3.297644,-5.8516483,9.534381,-18.673727,3.2868903,-5.123869,-14.699579,-18.727627,6.471928,56.3662,87.3159,0.0,0.0,0.7802717,-23.337051,2.048851,57.405735,82.735085,0.0,0.0,46.607456,-39.769886,18.24161,323.2003,59.187252,-85.14612,21.472946,-8.891384,54.586323,48.785175,15.381728,-30.333794,-19.59913,-40.1684,32.60921,-52.36951,0.9248641,-3.676665,0.0,0.0,125.8369,-61.825996,99.71876,48.720078,-25.274057,0.0,0.0
55,13.890679,1.0919589,-3.6176488,-34.239468,0.7634693,-10.069215,-4.0230246,3.2678087,-5.330545,10.041765,-18.53322,2.9656246,-5.3656664,-15.088243,-18.372875,5.895805,56.376884,87.293945,0.0,0.0,2.029051,-23.97405,3.0726182,57.92509,82.472885,0.0,0.0,33.831463,-48.386948,15.711131,343.1293,59.87633,-87.023796,27.895248,-5.7351093,54.300926,48.101097,13.587184,-36.411938,-23.206867,-37.026352,34.022358,-51.982933,-3.5290422,-2.669096,0.0,0.0,124.76383,-59.74735,96.36852,49.82914,-20.736553,0.0,0.0
56,14.168966,0.5888399,-3.4532866,-30.751013,1.3590875,-10.97868,-3.7216222,3.2084355,-4.763787,10.527803,-18.416111,2.571642,-5.5977635,-15.437166,-18.02749,5.4109907,56.300728,87.28508,0.0,0.0,3.2704077,-24.55166,4.0074096,58.41261,82.12882,0.0,0.0,22.105352,-56.05775,10.909954,359.1979,59.445686,-89.51464,32.983444,-3.6768682,54.205246,47.220085,11.717326,-41.2493,-25.927887,-33.909035,34.04034,-49.036335,-8.200252,-1.8662727,0.0,0.0,123.12443,-55.92516,90.51059,50.301067,-12.500973,0.0,0.0
57,14.33191,0.013222652,-3.3393636,-27.119043,1.9253402,-11.923077,-3.3728025,3.147263,-4.188167,10.991978,-18.31744,2.133598,-5.8403482,-15.753455,-17.696583,4.991065,56.164555,87.282684,0.0,0.0,4.4953113,-25.072046,4.8569655,58.889732,81.90332,0.0,0.0,12.58327,-62.226925,3.0854292,369.44684,58.823593,-91.736244,36.214287,-1.8257996,53.373817,46.871155,9.886441,-44.447063,-27.920387,-31.181509,33.216923,-45.129738,-12.451185,-1.5623785,0.0,0.0,121.263596,-51.197933,84.14498,50.250927,-2.5851734,0.0,0.0
58,14.397196,-0.62920964,-3.3390841,-23.383516,2.51012,-12.86657,-2.9985,3.1196797,-3.6468172,11.4375925,-18.231699,1.6827197,-6.117794,-16.046175,-17.381968,4.597065,56.00161,87.281525,0.0,0.0,5.6944785,-25.542587,5.63419,59.382767,82.00275,0.0,0.0,6.394449,-66.26701,-8.476363,371.8457,59.13421,-92.83486,37.027546,0.78721845,50.88865,47.807007,8.173062,-45.570267,-29.374313,-29.209848,32.15329,-41.909477,-15.63821,-1.9746754,0.0,0.0,119.5505,-46.46255,79.39056,49.795944,6.724025,0.0,0.0
59,14.406065,-1.3194652,-3.4929385,-19.630323,3.1279213,-13.79642,-2.6214354,3.1414633,-3.1571658,11.8892765,-18.157291,1.2343472,-6.428024,-16.32374,-17.079325,4.207023,55.829052,87.27691,0.0,0.0,6.871103,-25.970991,6.368006,59.889732,82.34992,0.0,0.0,3.9999933,-67.104065,-23.393408,364.9022,60.599567,-92.795906,34.858173,4.0721593,46.62333,50.312656,6.50889,-44.163746,-30.064531,-27.838074,30.957134,-39.184105,-18.092342,-3.2072861,0.0,0.0,117.965324,-41.81039,76.3944,48.70722,12.556791,0.0,0.0
60,14.414562,-2.0270162,-3.8262522,-15.990883,3.7694633,-14.710305,-2.2665346,3.2158878,-2.7226102,12.383028,-18.095396,0.79586846,-6.750913,-16.592928,-16.781815,3.8114405,55.654655,87.264534,0.0,0.0,8.031021,-26.363308,7.094149,60.388596,82.68781,0.0,0.0,5.4468656,-63.385315,-40.52639,347.50412,62.868587,-92.13302,29.152073,7.259044,40.969334,54.365486,4.7408695,-39.7693,-29.503595,-26.587692,29.431488,-35.6203,-20.745924,-5.2850266,0.0,0.0,116.25034,-36.847416,74.07577,46.544598,11.66306,0.0,0.0
61,14.469576,-2.706594,-4.3463354,-12.580042,4.4233284,-15.610984,-1.9663281,3.3365166,-2.346933,12.946361,-18.04795,0.38673997,-7.065342,-16.85734,-16.488125,3.420552,55.47301,87.229294,0.0,0.0,9.179667,-26.719759,7.8328953,60.8602,82.82937,0.0,0.0,10.464847,-54.564053,-59.140564,319.20303,66.073395,-91.144325,19.822365,9.937091,34.193806,59.657356,2.7879255,-32.23565,-27.50741,-25.066708,27.430828,-30.477665,-24.12463,-7.6740746,0.0,0.0,114.11842,-31.30588,71.42789,43.160072,3.627179,0.0,0.0
62,14.595605,-3.271326,-5.0170217,-9.509635,5.067711,-16.503521,-1.7752309,3.4741554,-2.040393,13.581748,-18.019363,0.0599768,-7.3453693,-17.110258,-16.213232,3.0950038,55.2494,87.130516,0.0,0.0,10.309552,-27.022383,8.560113,61.28783,82.75701,0.0,0.0,18.075989,-42.003437,-79.3454,281.16376,71.503876,-89.59523,7.907886,12.541524,26.289268,65.189804,0.75981534,-22.149744,-24.613623,-23.114435,24.954407,-24.493551,-27.74064,-8.50317,0.0,0.0,111.2364,-25.28224,67.6957,39.117073,-5.2816386,0.0,0.0
63,14.813076,-3.6352618,-5.804964,-6.886899,5.6870074,-17.39201,-1.7467564,3.600218,-1.814208,14.286311,-18.01402,-0.12976694,-7.567167,-17.34324,-15.973417,2.8958545,54.94892,86.935974,0.0,0.0,11.411018,-27.252123,9.245481,61.657063,82.489944,0.0,0.0,27.17597,-27.407612,-101.18511,234.8863,80.37771,-87.18007,-5.3366313,15.617671,17.22541,69.92793,-1.1860592,-10.279283,-21.462078,-20.61995,22.02494,-18.573475,-30.968924,-6.000516,0.0,0.0,107.267876,-18.94118,62.21677,35.080067,-8.430401,0.0,0.0
64,15.133214,-3.7894313,-6.779345,-4.7798257,6.3509893,-18.263985,-1.8893083,3.7301476,-1.6807821,15.037156,-18.032135,-0.16337322,-7.7379055,-17.544754,-15.7735405,2.8072047,54.58272,86.74999,0.0,0.0,12.468829,-27.40634,9.8602915,61.974197,82.183395,0.0,0.0,36.40706,-13.182028,-122.565636,183.00002,91.20878,-83.6655,-18.071604,19.558123,7.171087,73.55227,-2.666059,1.7854322,-18.658323,-17.65606,18.6941,-13.101358,-33.29485,-1.6939368,0.0,0.0,101.91878,-12.627085,54.963894,31.686646,-6.0409718,0.0,0.0
65,15.561977,-3.7732034,-8.075242,-3.2301,7.1840234,-19.097551,-2.1833112,3.9072864,-1.6532915,15.799775,-18.071339,-0.043904126,-7.8844028,-17.70151,-15.611122,2.764812,54.190426,86.76246,0.0,0.0,13.465404,-27.492798,10.377444,62.2589,82.07762,0.0,0.0,44.26146,-2.15866,-140.0668,128.77704,100.81671,-78.85763,-28.102398,24.665073,-3.5927193,76.19571,-3.1547284,11.949937,-16.783686,-14.406902,15.027131,-8.126748,-34.274837,0.821157,0.0,0.0,94.91251,-6.7902884,46.298096,29.555288,-2.6351616,0.0,0.0
66,16.083836,-3.6445034,-9.714399,-2.2519717,8.241189,-19.870703,-2.5876694,4.164314,-1.7414395,16.54971,-18.122225,0.20074873,-8.029392,-17.808365,-15.484779,2.7257798,53.808414,87.026375,0.0,0.0,14.379455,-27.521275,10.778449,62.530693,82.2682,0.0,0.0,49.522785,3.9297137,-150.27458,75.433395,104.65604,-72.804504,-34.026783,30.797102,-14.63349,77.99147,-2.2983036,18.797026,-16.086977,-11.04463,11.110632,-3.474288,-33.882996,-0.40607607,0.0,0.0,86.16687,-1.79571,36.67485,29.121979,-1.1918901,0.0,0.0
67,16.637695,-3.5031927,-11.462369,-1.7764902,9.420783,-20.571875,-3.014931,4.5096273,-1.9463478,17.296423,-18.159239,0.4860366,-8.18689,-17.881563,-15.394047,2.699492,53.459312,87.26547,0.0,0.0,15.193315,-27.506945,11.071665,62.811775,82.50131,0.0,0.0,51.774113,6.1240726,-150.06151,25.343912,95.12137,-66.06824,-36.46982,36.82379,-25.297142,79.08845,-0.16354316,22.670311,-16.002403,-7.667664,7.035535,1.6157868,-33.09721,-3.29627,0.0,0.0,75.97396,2.2721937,26.650337,30.362047,-0.8033999,0.0,0.0
68,17.159483,-3.4462345,-13.056848,-1.7302288,10.581286,-21.190752,-3.3780675,4.9446673,-2.2669563,18.05225,-18.156046,0.7264182,-8.367289,-17.938349,-15.339137,2.704144,53.160362,87.187645,0.0,0.0,15.88929,-27.46474,11.268127,63.123104,82.50052,0.0,0.0,50.76459,5.880468,-136.82098,-19.147478,64.87957,-59.26657,-36.356926,41.53274,-34.922863,79.54598,3.1028633,24.197588,-15.887812,-4.3302298,2.8910346,7.9772935,-33.034584,-5.314628,0.0,0.0,64.66444,5.3794794,16.741482,33.16437,-0.07337539,0.0,0.0
69,17.633774,-3.4704208,-14.363872,-2.0904028,11.405058,-21.730879,-3.675226,5.435418,-2.6903007,18.821411,-18.10453,0.91893905,-8.557521,-17.975712,-15.322863,2.7704868,52.8829,86.858604,0.0,0.0,16.46365,-27.400251,11.376126,63.473007,82.30175,0.0,0.0,46.97288,5.0356917,-113.71353,-55.731617,14.864675,-52.71812,-34.900364,44.497345,-43.343754,78.45171,7.1245666,24.543262,-15.528263,-0.6485539,-1.3300266,16.422302,-34.76654,-5.3205237,0.0,0.0,52.26605,7.72145,6.6990848,37.145668,1.6062185,0.0,0.0
70,18.076181,-3.5096452,-15.33125,-2.8670158,11.463863,-22.205032,-3.9583876,5.9262233,-3.196608,19.603893,-18.007889,1.1127645,-8.730003,-17.977877,-15.349732,2.9374382,52.56903,86.56835,0.0,0.0,16.921886,-27.313078,11.402171,63.86243,82.136925,0.0,0.0,41.327736,5.6648803,-87.48717,-82.14941,-48.873817,-46.54591,-33.48955,45.78674,-50.712765,74.27629,11.385912,25.20848,-14.977049,4.041633,-5.7000456,27.761364,-39.340786,-3.0467582,0.0,0.0,38.599464,9.63946,-4.220226,41.7573,4.3512616,0.0,0.0
71,18.487701,-3.506128,-15.949824,-3.9957821,10.526327,-22.622396,-4.262727,6.3791814,-3.7679167,20.370298,-17.870358,1.3439698,-8.867823,-17.92834,-15.423042,3.2417727,52.170265,86.50965,0.0,0.0,17.258532,-27.204157,11.340612,64.292465,82.15869,0.0,0.0,34.557137,8.837557,-63.285477,-96.95485,-119.13606,-40.798454,-32.945698,45.85359,-57.456238,65.88236,15.3274555,27.08155,-14.432712,9.986009,-10.054044,41.66914,-46.998104,1.3367963,0.0,0.0,23.752428,11.397802,-16.287233,46.412205,8.044422,0.0,0.0
72,18.838785,-3.4249058,-16.321703,-5.2443495,8.834938,-22.989042,-4.584786,6.8056955,-4.3972373,21.031157,-17.697,1.6178225,-8.982213,-17.809351,-15.543487,3.71692,51.65785,86.63106,0.0,0.0,17.447237,-27.076715,11.15716,64.769775,82.32123,0.0,0.0,26.8204,13.22437,-41.954082,-100.960686,-186.99234,-35.277523,-32.709743,46.05945,-64.72961,53.03806,18.34516,29.58409,-14.422473,16.480843,-13.7138,55.257767,-56.115864,6.681708,0.0,0.0,8.285832,13.094476,-28.763916,50.497147,12.066147,0.0,0.0
73,19.09552,-3.2393148,-16.557562,-6.36688,6.6792336,-23.308853,-4.914722,7.2240133,-5.0812607,21.491598,-17.494211,1.9337323,-9.088668,-17.605295,-15.709567,4.387087,51.01094,86.8478,0.0,0.0,17.460592,-26.934235,10.817419,65.29915,82.552414,0.0,0.0,18.346157,17.204428,-23.699778,-95.74265,-243.13019,-29.718407,-32.045803,47.770893,-73.79027,35.692516,19.854958,31.957422,-15.428749,22.72271,-15.976173,65.4514,-64.90344,11.65409,0.0,0.0,-7.1392436,14.822021,-40.738873,53.387115,15.64283,0.0,0.0
74,19.233772,-2.9794881,-16.704401,-7.2527237,4.1116157,-23.576004,-5.239601,7.658512,-5.8494363,21.709572,-17.280415,2.279289,-9.208229,-17.3269,-15.8996,5.180776,50.259857,87.09294,0.0,0.0,17.303265,-26.77763,10.333773,65.86257,82.804886,0.0,0.0,10.96931,19.796103,-8.061059,-88.3583,-277.94012,-23.388807,-30.454426,50.96411,-86.00125,14.295577,19.654013,33.81971,-16.884596,28.42195,-16.781336,71.448235,-72.79212,14.463282,0.0,0.0,-21.768486,16.922985,-51.20784,54.455704,17.13772,0.0,0.0
75,19.235636,-2.7108915,-16.769173,-7.8772345,1.0322647,-23.778748,-5.5449004,8.13802,-6.7530146,21.676031,-17.08135,2.635108,-9.365577,-17.001005,-16.079453,5.9674187,49.465977,87.31093,0.0,0.0,16.999636,-26.605976,9.747236,66.4284,83.04704,0.0,0.0,7.528352,20.420858,5.859579,-89.30595,-281.6239,-15.251856,-27.580551,54.744694,-102.81425,-10.422058,17.775904,35.026814,-17.563374,33.617622,-16.472622,73.876335,-79.98957,13.03214,0.0,0.0,-34.804127,19.900658,-59.116898,53.07331,14.3707905,0.0,0.0
76,19.13424,-2.4834006,-16.742138,-8.343207,-2.3792052,-23.898743,-5.81512,8.68032,-7.8417754,21.383078,-16.918175,2.9866312,-9.564964,-16.64552,-16.227915,6.665265,48.664955,87.453445,0.0,0.0,16.576124,-26.41256,9.101074,66.963326,83.23153,0.0,0.0,9.332,19.076561,18.825798,-104.722084,-249.1574,-4.528718,-23.14631,57.815292,-125.13903,-38.214733,14.297191,35.385532,-16.228664,38.26955,-15.32652,73.25834,-86.65581,6.9658203,0.0,0.0,-45.56142,24.026518,-63.689762,48.940468,6.935475,0.0,0.0
77,19.0839,-2.3049634,-16.576036,-9.0611925,-5.31083,-23.904644,-6.0363083,9.28267,-9.172397,20.82372,-16.79832,3.3355277,-9.763802,-16.252354,-16.357317,7.3210573,47.819992,87.4917,0.0,0.0,16.059284,-26.174822,8.435368,67.437744,83.27592,0.0,0.0,13.963713,17.12575,31.435486,-130.22464,-186.93173,9.033844,-17.016376,58.001484,-152.80113,-70.31337,9.363143,34.591927,-11.656183,42.20072,-13.439764,69.83846,-92.896996,-0.13150457,0.0,0.0,-53.788853,29.050716,-64.91159,42.526047,-1.365627,0.0,0.0
78,19.239481,-2.1755252,-16.22326,-10.444518,-6.9214983,-23.76295,-6.1934295,9.932621,-10.800759,19.986216,-16.728155,3.6834505,-9.9117775,-15.812131,-16.482378,7.990795,46.889233,87.405525,0.0,0.0,15.476051,-25.869911,7.7892175,67.823494,83.10819,0.0,0.0,18.389727,16.058857,44.035496,-159.62128,-103.648605,25.5557,-9.142684,53.14288,-185.3328,-108.06848,3.1436274,32.355923,-2.7705796,45.222374,-10.893133,63.82927,-98.73904,-4.346275,0.0,0.0,-59.315968,34.610786,-62.884495,34.410828,-6.428398,0.0,0.0
79,19.56508,-2.0682442,-15.695572,-12.449302,-7.1322246,-23.441706,-6.263005,10.551287,-12.779085,18.805334,-16.720255,4.012369,-9.951069,-15.337305,-16.593697,8.640537,45.876926,87.24438,0.0,0.0,14.852439,-25.494335,7.1849804,68.11432,82.83495,0.0,0.0,18.624842,16.602304,54.709805,-183.49716,-15.648029,44.66015,-0.17859463,42.74325,-221.03564,-152.22366,-4.0516305,28.753544,9.827102,47.34347,-7.883176,55.61615,-103.541275,-4.812174,0.0,0.0,-62.446674,39.981575,-57.959232,25.171015,-7.653237,0.0,0.0
80,19.904924,-1.9394752,-15.042114,-14.744303,-6.3430834,-22.90996,-6.216317,11.018127,-15.157166,17.182281,-16.791088,4.2919188,-9.819239,-14.854021,-16.666742,9.179946,44.8163,87.1014,0.0,0.0,14.21385,-25.056795,6.6345143,68.317665,82.674675,0.0,0.0,10.09337,19.001024,60.124897,-190.42854,55.954315,65.65779,8.782177,27.355957,-257.4376,-203.13498,-11.824743,24.091316,24.481384,48.697025,-4.679263,45.692924,-106.24433,-2.5791132,0.0,0.0,-63.783054,44.210857,-50.643425,15.380263,-6.6413364,0.0,0.0
81,20.105366,-1.7558539,-14.33215,-16.99922,-4.9725895,-22.145275,-6.0453143,11.242463,-17.952309,15.030985,-16.949707,4.502042,-9.481586,-14.377307,-16.689125,9.556422,43.738686,87.04654,0.0,0.0,13.57847,-24.572525,6.1544414,68.43507,82.7335,0.0,0.0,-9.602499,23.121014,58.33,-173.83434,97.42919,87.708565,16.79752,8.591009,-292.06943,-259.42407,-19.70932,18.793598,39.308155,49.35074,-1.5660939,34.473392,-105.83418,0.9924968,0.0,0.0,-63.948933,46.601532,-41.61365,5.700402,-4.4707136,0.0,0.0
82,20.02133,-1.5105178,-13.6863575,-18.882044,-3.4756043,-21.15106,-5.7928767,11.205531,-21.085114,12.312249,-17.186087,4.6465316,-8.972492,-13.898233,-16.677921,9.807477,42.676907,87.09287,0.0,0.0,12.951415,-24.075172,5.7761655,68.45276,82.84416,0.0,0.0,-37.48397,27.910526,50.756676,-138.93332,112.66025,109.4774,23.253366,-9.327193,-322.27417,-315.20438,-27.026781,13.593591,51.819263,49.208855,1.1175667,22.2525,-101.43026,3.8459675,0.0,0.0,-63.61004,47.062553,-32.006817,-2.9329722,-0.90459716,0.0,0.0
83,19.521027,-1.2010885,-13.220578,-20.094715,-2.2757304,-19.93289,-5.50637,10.909742,-24.474634,8.993702,-17.488138,4.734342,-8.337024,-13.404624,-16.653437,9.980081,41.661636,87.237656,0.0,0.0,12.332526,-23.597532,5.52709,68.35928,82.821556,0.0,0.0,-69.776,32.1972,39.347523,-92.75126,108.43853,129.67992,27.714521,-22.108635,-345.63757,-363.994,-33.113167,9.179128,59.660892,48.15704,3.0512123,9.2977495,-92.28218,4.0779457,0.0,0.0,-63.3951,45.62294,-22.910246,-9.644467,4.394882,0.0,0.0
84,18.594946,-0.8404776,-12.947877,-20.609043,-1.4553741,-18.513891,-5.2081394,10.4646015,-28.047813,5.142547,-17.84468,4.7827187,-7.6424537,-12.90997,-16.622715,10.061038,40.749397,87.39707,0.0,0.0,11.714593,-23.156147,5.389587,68.187195,82.72441,0.0,0.0,-101.656456,34.75568,26.298763,-43.98067,93.18176,147.33487,30.813625,-28.06497,-361.05243,-397.24945,-37.426506,5.485124,62.22549,46.102882,4.052027,-3.6992242,-78.86867,2.4526167,0.0,0.0,-63.443115,42.537277,-14.541987,-14.201364,10.651725,0.0,0.0
85,17.31078,-0.4511229,-12.816198,-20.568336,-0.88163155,-16.927734,-4.904674,10.047022,-31.738504,0.8875057,-18.245161,4.814264,-6.969761,-12.443504,-16.584501,9.999778,40.012043,87.43658,0.0,0.0,11.085507,-22.756985,5.3173833,67.9968,82.764305,0.0,0.0,-127.661255,34.331944,13.965253,-2.347589,76.36472,161.6699,33.85952,-27.160896,-368.26196,-405.18243,-39.508022,1.9698421,60.016125,42.969147,4.0260906,-15.787687,-62.4418,1.408191,0.0,0.0,-63.586086,38.204536,-6.5675898,-16.78304,16.390543,0.0,0.0
86,15.764585,-0.0654805,-12.778992,-20.14345,-0.42502967,-15.211906,-4.590275,9.7821245,-35.473747,-3.5387182,-18.670324,4.837884,-6.3804994,-12.026298,-16.542128,9.772078,39.49453,87.31404,0.0,0.0,10.4388485,-22.404009,5.2803307,67.82773,83.05245,0.0,0.0,-143.86389,30.265923,4.071255,25.420427,64.84724,172.45387,37.71803,-20.644932,-367.34378,-380.67786,-39.027874,-1.783194,53.972656,38.862885,2.8456821,-25.82477,-44.201904,1.9198104,0.0,0.0,-63.742676,33.033424,1.2958827,-17.749462,19.968456,0.0,0.0
87,14.128007,0.25790846,-12.805331,-19.568205,0.024928324,-13.424112,-4.2328076,9.670237,-39.139458,-7.628008,-19.077284,4.82944,-5.892989,-11.661988,-16.510468,9.419873,39.17997,87.21112,0.0,0.0,9.786256,-22.098976,5.2880316,67.6702,83.45225,0.0,0.0,-149.94887,23.3516,-3.1115494,39.644054,59.26696,180.67657,42.14452,-12.824407,-359.16583,-323.28198,-35.969612,-5.8483367,46.084366,34.35963,0.3092539,-32.157063,-25.320196,1.3994237,0.0,0.0,-64.04884,27.486107,9.1363125,-17.8735,19.350069,0.0,0.0
88,12.568426,0.46260068,-12.867159,-19.069931,0.56985587,-11.613061,-3.798393,9.686502,-42.637188,-10.865769,-19.423798,4.7619843,-5.5136023,-11.349264,-16.506182,8.996522,39.04146,87.31465,0.0,0.0,9.137929,-21.84237,5.356895,67.5076,83.79671,0.0,0.0,-146.40813,14.613382,-7.5927835,42.035988,59.147057,187.50365,46.739407,-8.158082,-344.7073,-234.58955,-30.413008,-10.244072,38.397587,30.067284,-3.7526448,-33.302174,-6.8565536,-2.9223323,0.0,0.0,-64.67751,22.01522,16.964743,-17.954473,12.842762,0.0,0.0
89,11.156947,0.53894573,-12.944978,-18.721405,1.2216345,-9.776082,-3.291522,9.741769,-45.929733,-12.896076,-19.69253,4.6296515,-5.2147207,-11.080335,-16.549513,8.585624,39.066967,87.51031,0.0,0.0,8.489578,-21.641167,5.5167174,67.335594,83.96948,0.0,0.0,-136.02603,5.4629974,-9.661317,36.955654,62.30014,193.54323,50.99943,-8.133596,-324.90656,-129.23569,-23.010265,-14.744164,32.175808,26.389477,-8.981781,-30.011549,10.444864,-10.0633955,0.0,0.0,-65.854485,17.129896,23.87076,-18.366426,3.027111,0.0,0.0
90,9.90302,0.5070359,-13.024628,-18.497988,1.9361302,-7.8769803,-2.7405517,9.706397,-49.021194,-13.467115,-19.882135,4.4398646,-4.946931,-10.842992,-16.662863,8.289501,39.25334,87.49495,0.0,0.0,7.8273287,-21.50608,5.8055043,67.15742,83.88652,0.0,0.0,-123.04189,-2.4478729,-9.789379,30.44793,65.45553,199.06067,54.3593,-12.367171,-300.67712,-30.027723,-14.773792,-18.972063,28.186197,23.598272,-14.688866,-24.44835,26.052055,-16.685673,0.0,0.0,-67.83866,13.370259,28.372612,-19.217346,-4.832792,0.0,0.0
91,8.802304,0.3958797,-13.097833,-18.35607,2.6691585,-5.890743,-2.1698604,9.506369,-51.899227,-12.625024,-19.990835,4.2053046,-4.6769786,-10.624983,-16.85608,8.156385,39.592175,87.12042,0.0,0.0,7.140113,-21.430529,6.212578,66.97149,83.559845,0.0,0.0,-111.03647,-7.974726,-8.227515,27.132036,66.22067,203.70534,56.395725,-20.233585,-272.53683,45.390324,-6.654071,-22.763649,26.917263,21.854628,-20.2288,-18.513237,39.515007,-19.952553,0.0,0.0,-70.80254,11.036439,29.498714,-20.597744,-7.2354665,0.0,0.0
92,7.818657,0.25451007,-13.170264,-18.210117,3.3793256,-3.8177328,-1.5927341,9.201616,-54.51373,-11.121854,-20.015223,3.950398,-4.410698,-10.413839,-17.109266,8.104572,40.062836,86.61513,0.0,0.0,6.4230223,-21.366375,6.6110973,66.76428,83.229416,0.0,0.0,-101.95497,-11.195996,-4.6842794,28.163658,64.3368,205.66833,57.026855,-30.613981,-240.01653,92.04823,0.5675994,-26.47242,28.213396,21.058594,-25.079588,-13.422305,50.5836,-18.307003,0.0,0.0,-74.71646,9.853291,27.513092,-22.569052,-4.9839835,0.0,0.0
93,6.9129157,0.13162416,-13.24486,-17.973152,4.0253572,-1.6769557,-1.0226766,8.863749,-56.798306,-9.769743,-19.954134,3.6981926,-4.1564875,-10.198725,-17.397934,8.039649,40.640244,86.25129,0.0,0.0,5.6736474,-21.26443,6.867377,66.52251,83.14767,0.0,0.0,-97.38197,-12.38908,1.1109492,34.028324,59.919247,203.08138,56.234432,-42.267727,-202.77747,107.53291,6.138735,-30.47192,31.750877,21.079292,-28.755009,-10.225063,59.043545,-10.656775,0.0,0.0,-79.48993,9.45221,22.916357,-25.143185,0.44464672,0.0,0.0
94,6.019356,0.032100175,-13.274333,-17.604649,4.5960507,0.44244716,-0.46673256,8.460122,-58.68658,-8.815954,-19.834873,3.4247317,-3.8749304,-9.97773,-17.707253,7.9365487,41.292545,86.14928,0.0,0.0,4.873804,-21.129332,6.981064,66.24606,83.31589,0.0,0.0,-97.12101,-12.190417,8.483329,43.446068,53.67502,195.8899,54.173523,-53.909092,-162.01695,99.3372,9.68926,-34.681156,36.456783,21.837368,-31.193813,-8.984194,65.25589,1.0753428,0.0,0.0,-84.87209,9.3149,16.719215,-27.920006,7.2193065,0.0,0.0
95,5.059223,-0.066172436,-13.179732,-17.093742,5.0965304,2.4002514,0.07005997,7.893823,-60.1028,-8.1582,-19.702423,3.0775251,-3.4976597,-9.755277,-18.027613,7.8139553,41.98213,86.33564,0.0,0.0,3.9979439,-20.999702,7.0339594,65.94381,83.57906,0.0,0.0,-99.89246,-11.448094,16.15345,54.02973,46.68712,185.16832,51.104916,-64.188965,-120.006454,80.973785,11.063212,-38.720585,40.785675,23.289328,-32.583855,-9.161806,69.90207,13.073439,0.0,0.0,-90.49827,8.835069,10.25534,-30.235146,13.283415,0.0,0.0
96,3.9900465,-0.1756314,-12.926004,-16.446815,5.5294952,4.1185393,0.57816684,7.127443,-61.01736,-7.693091,-19.590069,2.6346486,-3.0005035,-9.528476,-18.352259,7.688746,42.684856,86.76691,0.0,0.0,3.0365992,-20.902271,7.08118,65.62413,83.81873,0.0,0.0,-104.324776,-10.8232765,22.782333,63.7192,40.06756,172.20001,47.415234,-71.81321,-78.7926,62.992973,10.348933,-42.161148,43.36624,25.350088,-33.190716,-10.156214,73.76441,21.931694,0.0,0.0,-95.95616,7.7370067,4.2835116,-31.733147,17.107666,0.0,0.0
97,2.8551443,-0.28473073,-12.583686,-15.709398,5.8916054,5.67185,1.0377345,6.2670455,-61.511463,-7.3271985,-19.502434,2.147665,-2.4653068,-9.276424,-18.681442,7.571733,43.409874,87.236275,0.0,0.0,2.0177577,-20.834055,7.111051,65.29363,84.00964,0.0,0.0,-108.87234,-10.522519,26.913925,71.28406,34.978962,158.70927,43.78368,-75.62272,-39.80103,48.628822,8.206827,-44.468334,43.25853,27.837217,-33.456524,-11.236932,77.859344,25.293877,0.0,0.0,-100.72917,6.536711,-1.8304671,-32.807358,18.430573,0.0,0.0
98,1.7115455,-0.37964693,-12.237599,-14.933845,6.181101,7.1450534,1.4292908,5.437609,-61.676304,-6.9747453,-19.440405,1.6771369,-1.986954,-8.978921,-19.01506,7.4714036,44.169525,87.52832,0.0,0.0,0.977011,-20.787361,7.1010175,64.95925,84.14337,0.0,0.0,-112.05501,-10.680392,27.231556,75.68835,32.520203,146.38568,40.90108,-74.65427,-4.370945,39.91441,5.3787556,-45.152153,39.74051,30.534666,-33.820374,-11.711377,83.1233,21.250038,0.0,0.0,-104.3345,5.85107,-8.846775,-33.94061,17.178318,0.0,0.0
99,0.57554114,-0.46553883,-11.942474,-14.149318,6.440305,8.559567,1.7758404,4.699267,-61.552685,-6.6037917,-19.406065,1.2405828,-1.6068192,-8.641448,-19.352873,7.3746443,44.99142,87.623,0.0,0.0,-0.07441811,-20.747528,7.0173707,64.61924,84.2558,0.0,0.0,-113.637794,-11.356484,24.360685,77.06399,32.756554,135.15845,38.934708,-70.08039,27.925335,36.742985,2.4665766,-44.49876,33.810326,33.129726,-34.404415,-11.580262,89.3964,11.310824,0.0,0.0,-107.06199,6.069322,-16.935305,-35.435192,13.348052,0.0,0.0
100,-0.55818844,-0.5590866,-11.735224,-13.372957,6.7378116,9.891391,2.1253276,4.074351,-61.147663,-6.2175136,-19.402575,0.83019197,-1.3345116,-8.286431,-19.693432,7.2552624,45.91013,87.62104,0.0,0.0,-1.1370779,-20.695772,6.8193245,64.26753,84.409706,0.0,0.0,-114.15029,-12.563653,20.126999,76.24706,35.123325,123.90115,37.735374,-64.3946,58.48343,37.71958,-0.0094565,-43.270897,27.54187,35.241005,-35.1307,-11.275199,95.8169,-0.88413334,0.0,0.0,-109.66766,7.4416385,-25.87371,-37.47589,6.9765935,0.0,0.0
101,-1.6923952,-0.674174,-11.623843,-12.619779,7.117107,11.115028,2.5050242,3.5548093,-60.459526,-5.813941,-19.427124,0.43590882,-1.1577358,-7.927554,-20.038378,7.106605,46.93488,87.57826,0.0,0.0,-2.217201,-20.616613,6.488084,63.89544,84.5985,0.0,0.0,-113.961876,-13.984669,15.787996,74.07844,38.782234,112.096596,36.879612,-59.19666,88.191696,41.56052,-1.6645718,-41.8037,22.347418,36.66265,-35.897747,-11.115644,101.62219,-12.102862,0.0,0.0,-112.48401,10.0008955,-35.239975,-40.153538,-1.2295401,0.0,0.0
102,-2.8242233,-0.81776756,-11.547832,-11.899342,7.5612946,12.204272,2.8923435,3.060831,-59.465446,-5.376966,-19.462677,0.04279203,-1.0128909,-7.5565224,-20.39724,6.969053,48.015377,87.43853,0.0,0.0,-3.335511,-20.502434,6.0570683,63.48763,84.64887,0.0,0.0,-113.02897,-14.5152235,11.193417,71.38056,42.26866,100.70898,35.297844,-53.89551,116.72295,47.304226,-2.4349058,-39.38932,18.014065,37.611553,-36.55593,-11.137297,106.31713,-20.173405,0.0,0.0,-114.81655,13.270358,-44.15962,-43.342953,-8.973923,0.0,0.0
103,-3.945549,-0.9917478,-11.444756,-11.22128,8.042387,13.133645,3.2562597,2.5149925,-58.14815,-4.890021,-19.491089,-0.3592908,-0.836666,-7.164944,-20.777662,6.88464,49.093246,87.14214,0.0,0.0,-4.50677,-20.34791,5.566408,63.031,84.38994,0.0,0.0,-111.26668,-13.009232,6.0806193,68.95258,44.12482,90.880516,31.898417,-47.686935,143.5041,53.997696,-2.3117445,-35.244022,14.156839,38.36641,-36.96583,-11.32374,109.43979,-23.156519,0.0,0.0,-115.86145,16.714308,-51.73115,-46.8711,-13.787522,0.0,0.0
104,-5.051216,-1.1591324,-11.340078,-10.571552,8.528399,13.937192,3.5711815,1.9621474,-56.538765,-4.334019,-19.507046,-0.7367336,-0.6471333,-6.7620106,-21.169939,6.8301435,50.168392,86.76657,0.0,0.0,-5.7074313,-20.154999,5.024722,62.528915,83.954414,0.0,0.0,-108.75554,-9.169934,1.0207473,67.22628,44.17007,82.783226,26.330893,-40.72573,168.52347,60.544857,-1.4086843,-29.329838,10.932191,39.245136,-37.212467,-11.541567,110.676765,-20.355268,0.0,0.0,-115.38319,20.132826,-57.912243,-50.535744,-14.248921,0.0,0.0
105,-6.1339397,-1.258114,-11.314584,-9.923836,8.983371,14.682283,3.8135595,1.5254662,-54.701984,-3.6898618,-19.513142,-1.0271558,-0.5138517,-6.3691916,-21.552267,6.741977,51.27346,86.47567,0.0,0.0,-6.886046,-19.9306,4.4223123,61.996517,83.66484,0.0,0.0,-105.68279,-3.2310717,-2.8764265,66.41164,43.01263,76.02027,18.71472,-33.787605,192.02058,65.74074,0.08733397,-22.084549,8.852357,40.586155,-37.51927,-11.58348,109.79075,-11.825228,0.0,0.0,-113.49442,23.525518,-63.167027,-54.105854,-9.570951,0.0,0.0
106,-7.1857243,-1.2480615,-11.402158,-9.260413,9.387936,15.412021,3.962799,1.2657967,-52.679752,-2.9625201,-19.508154,-1.1933115,-0.466544,-5.9912014,-21.914581,6.589318,52.41151,86.3869,0.0,0.0,-8.007891,-19.678854,3.7581465,61.442253,83.709694,0.0,0.0,-102.32778,4.3834896,-4.7881427,66.52126,41.302303,69.976,9.262597,-27.788269,214.36655,68.45062,1.9656664,-14.042471,8.37908,42.553337,-38.08725,-11.107907,106.78491,0.8354829,0.0,0.0,-110.46251,26.838787,-67.74624,-57.472527,-0.7419291,0.0,0.0
107,-8.196907,-1.1398377,-11.522629,-8.584602,9.762506,16.110254,4.005274,1.0922469,-50.45853,-2.2144704,-19.481443,-1.2590402,-0.43788096,-5.5922985,-22.275318,6.4210963,53.51375,86.503784,0.0,0.0,-9.079171,-19.397177,3.0525844,60.85824,83.950195,0.0,0.0,-99.18584,12.81549,-4.5969586,67.10469,39.75881,63.533707,-1.6074576,-23.955097,236.23607,67.71142,3.961825,-5.9509125,9.840528,44.89283,-39.058655,-9.4552965,102.23368,12.372627,0.0,0.0,-106.911064,29.884396,-71.37166,-60.81956,7.0328703,0.0,0.0
108,-9.160897,-0.95079345,-11.585625,-7.9017754,10.1328335,16.752491,3.929082,0.89814764,-48.014877,-1.5132709,-19.422482,-1.2555962,-0.35129148,-5.1340504,-22.656422,6.2954607,54.508797,86.80399,0.0,0.0,-10.113186,-19.08226,2.326704,60.234314,84.20508,0.0,0.0,-96.758026,21.194124,-2.319611,67.67187,39.059097,55.572456,-13.453658,-23.44653,258.3098,62.723625,5.8192983,1.473849,13.486754,47.27049,-40.536636,-6.041286,96.81484,17.44762,0.0,0.0,-103.478294,32.473385,-73.72947,-64.358345,8.490267,0.0,0.0
109,-10.092049,-0.6904259,-11.573243,-7.217788,10.512862,17.307161,3.7325253,0.6527633,-45.34943,-0.9006493,-19.3389,-1.1976792,-0.18804169,-4.622808,-23.065512,6.244758,55.398315,87.15603,0.0,0.0,-11.118017,-18.739544,1.5871637,59.57281,84.349625,0.0,0.0,-95.28911,29.080069,1.622115,68.04086,39.28697,45.902004,-25.693237,-26.112385,280.44858,54.367725,7.4296346,8.093828,18.827929,49.095387,-42.251312,-1.7250812,91.5277,15.765738,0.0,0.0,-100.43633,34.58907,-74.9448,-68.066315,4.69205,0.0,0.0
110,-11.023596,-0.36216664,-11.513592,-6.5347166,10.911266,17.742168,3.4199078,0.37202388,-42.463474,-0.39776683,-19.249363,-1.089528,0.034680832,-4.0903907,-23.503443,6.2841783,56.235893,87.361855,0.0,0.0,-12.104604,-18.378082,0.8272436,58.880154,84.296745,0.0,0.0,-94.8469,36.356316,6.5653067,68.2274,40.148365,34.872353,-37.725876,-30.974998,302.12756,44.551353,8.789093,14.17962,24.930231,49.631577,-43.707314,1.7489389,87.53809,10.239141,0.0,0.0,-97.80594,36.338905,-75.43345,-71.794334,0.68563694,0.0,0.0
111,-11.9766445,0.0292816,-11.422555,-5.85436,11.330803,18.036854,2.9958496,0.057727054,-39.363976,-0.013787429,-19.164146,-0.9332453,0.30768883,-3.5668066,-23.964529,6.400011,57.063763,87.32508,0.0,0.0,-13.077432,-18.005547,0.050942082,58.15836,84.054,0.0,0.0,-95.34225,42.884026,11.894312,68.21035,41.392914,23.12812,-48.913433,-37.093014,322.5272,35.01412,9.950288,19.933256,30.830925,48.600086,-44.507126,3.3879104,85.3617,3.3130383,0.0,0.0,-95.62891,37.851784,-75.64141,-75.31404,-0.19590202,0.0,0.0
112,-12.945636,0.47642174,-11.285434,-5.1759224,11.761411,18.199965,2.465452,-0.324328,-36.06435,0.27226195,-19.072947,-0.726296,0.6423788,-3.0755,-24.428867,6.509672,57.89837,87.19519,0.0,0.0,-14.028681,-17.62521,-0.7138402,57.39681,83.854416,0.0,0.0,-96.308945,48.486282,17.119207,67.87524,42.88493,11.976137,-58.563034,-43.635506,340.20456,27.04755,11.10255,25.401823,35.52248,46.826244,-44.499027,4.034446,83.93946,-3.7741506,0.0,0.0,-93.99564,39.311825,-76.08509,-78.22286,1.1539809,0.0,0.0
113,-13.922555,0.9720463,-11.085073,-4.4982567,12.193324,18.246092,1.8348557,-0.80907774,-32.577847,0.4865531,-18.963152,-0.46531564,1.0494734,-2.6352892,-24.876238,6.5304213,58.750656,87.13912,0.0,0.0,-14.951532,-17.238447,-1.4413512,56.584778,83.9359,0.0,0.0,-97.25209,52.95883,21.772373,67.1003,44.512207,2.7666962,-65.98218,-49.784306,353.627,21.851688,12.430096,30.567974,38.053474,45.24967,-43.582485,4.756379,82.0384,-10.018878,0.0,0.0,-92.97424,40.890736,-77.260445,-80.1052,3.2380264,0.0,0.0
114,-14.898619,1.5078611,-10.831035,-3.8323028,12.633728,18.207209,1.1327931,-1.3712221,-28.967289,0.66090876,-18.832119,-0.15018354,1.4906163,-2.2309206,-25.298752,6.4916353,59.596943,87.115364,0.0,0.0,-15.854886,-16.839027,-2.1570604,55.745537,84.21607,0.0,0.0,-97.95934,55.784115,25.355768,65.852356,46.209545,-3.6095746,-70.46317,-54.582508,361.08295,20.398808,13.809761,34.856655,38.15338,44.302227,-41.8517,6.1202626,79.09969,-14.977743,0.0,0.0,-92.31457,42.500572,-79.289,-80.66188,4.679121,0.0,0.0
115,-15.870406,2.0778027,-10.548486,-3.1925328,13.103007,18.126472,0.39844108,-1.9505105,-25.305887,0.8319753,-18.682854,0.21867527,1.8990945,-1.8231165,-25.698956,6.493257,60.396942,86.95129,0.0,0.0,-16.762995,-16.41368,-2.922913,54.918842,84.41182,0.0,0.0,-98.401924,56.27549,27.381971,64.148964,47.951004,-6.6096196,-71.33531,-57.024624,360.83438,23.482016,14.933225,37.374016,35.997482,44.085213,-39.518017,8.379184,74.97902,-18.59736,0.0,0.0,-91.560394,43.89932,-82.06183,-79.67997,4.193155,0.0,0.0
116,-16.837044,2.6631274,-10.259032,-2.5863137,13.609294,18.042576,-0.32839382,-2.5085616,-21.678614,1.0428629,-18.520548,0.6271396,2.2310908,-1.3858213,-26.076855,6.5958867,61.1222,86.58576,0.0,0.0,-17.686287,-15.957985,-3.7753792,54.134647,84.3688,0.0,0.0,-98.43199,53.883587,27.688416,61.855633,49.68543,-6.079099,-68.12686,-56.25254,351.9191,31.141068,15.592696,37.398094,32.05894,44.49746,-36.766228,11.440801,69.63281,-20.568153,0.0,0.0,-90.283455,44.814434,-85.066376,-77.23838,1.3438247,0.0,0.0
117,-17.806515,3.2161639,-9.974665,-2.0018466,14.132309,17.98342,-1.0085701,-3.061841,-18.18775,1.352688,-18.355135,1.0291094,2.4996583,-0.92402804,-26.427399,6.7637696,61.775787,86.22853,0.0,0.0,-18.604477,-15.487761,-4.691011,53.396435,84.24737,0.0,0.0,-97.613815,48.408703,26.903381,58.471123,51.30473,-2.8109064,-60.866344,-51.781727,335.2775,41.602386,15.831096,34.645653,27.517265,44.960934,-33.71192,14.400889,63.238224,-19.974934,0.0,0.0,-88.12595,44.91077,-86.83691,-74.11733,-2.2775266,0.0,0.0
118,-18.786976,3.687316,-9.704988,-1.426939,14.650265,17.97414,-1.6034462,-3.6275315,-14.929935,1.8182663,-18.196297,1.3760769,2.7260265,-0.4474019,-26.745453,6.949303,62.365135,86.1057,0.0,0.0,-19.494411,-15.021195,-5.63638,52.701813,84.23531,0.0,0.0,-95.47208,39.75991,25.749886,53.436558,52.711197,2.2904952,-49.72861,-43.29811,312.08023,52.842453,15.726772,28.95061,23.571066,44.87125,-30.446625,16.299976,55.991085,-16.005392,0.0,0.0,-84.770874,43.884304,-85.914085,-71.13233,-4.912979,0.0,0.0
119,-19.756765,4.0455027,-9.453102,-0.88645935,15.162311,18.026121,-2.06937,-4.1307197,-11.964364,2.434737,-18.04591,1.6396102,2.9261987,0.024515728,-27.02803,7.126879,62.885185,86.18158,0.0,0.0,-20.33605,-14.577856,-6.547784,52.037308,84.30997,0.0,0.0,-91.60856,28.669727,24.736444,46.24956,53.994965,8.524134,-35.934315,-31.969614,283.41043,62.814323,15.348536,20.865303,20.531849,44.120045,-26.962893,16.870707,48.065697,-10.097914,0.0,0.0,-80.31299,41.91164,-82.52016,-68.3902,-6.2329254,0.0,0.0
120,-20.681332,4.2742085,-9.2163925,-0.42513186,15.683852,18.142004,-2.3632548,-4.442209,-9.307114,3.1611006,-17.899986,1.8060596,3.1141944,0.46886957,-27.2754,7.285906,63.326565,86.25515,0.0,0.0,-21.116667,-14.17532,-7.348347,51.378403,84.31636,0.0,0.0,-85.66307,16.337152,24.228783,36.41616,55.371876,15.347773,-21.294968,-19.84686,250.15816,69.5284,14.758508,11.360481,18.128565,42.911175,-23.17149,16.293291,39.57955,-5.0784225,0.0,0.0,-75.08663,39.46542,-77.92976,-65.533394,-6.822489,0.0,0.0
121,-21.528322,4.3645287,-8.99028,-0.08435359,16.226776,18.325788,-2.4666245,-4.498045,-6.9860787,3.9421933,-17.756807,1.8660346,3.296044,0.8731985,-27.487436,7.422799,63.68254,86.19701,0.0,0.0,-21.828516,-13.820064,-8.008797,50.717056,84.17149,0.0,0.0,-77.65613,3.9553883,24.561247,23.930807,56.791527,22.061266,-7.5567937,-9.268567,213.38518,71.57176,14.013187,1.4540429,16.158836,41.485767,-18.971992,14.66647,30.654598,-2.424745,0.0,0.0,-69.47647,36.878773,-73.045265,-62.182884,-6.9160504,0.0,0.0
122,-22.274052,4.3267894,-8.7648735,0.10492707,16.79558,18.584911,-2.421732,-4.393824,-5.0486393,4.691524,-17.619799,1.82093,3.4595108,1.2514297,-27.663969,7.5507164,63.954792,86.054184,0.0,0.0,-22.478241,-13.490677,-8.616907,50.08282,83.96902,0.0,0.0,-68.51178,-7.335218,25.99517,9.941625,57.567585,27.594717,3.7402613,-3.2089448,174.50916,68.941086,13.156025,-7.7519994,14.592478,40.163227,-14.230609,11.885623,21.404615,-0.33638373,0.0,0.0,-63.970196,34.139244,-67.84257,-57.915806,-5.8866296,0.0,0.0
123,-22.89906,4.1754575,-8.528492,0.11690231,17.391125,18.922987,-2.2797163,-4.2485943,-3.538381,5.3236775,-17.492914,1.6756595,3.591727,1.6206527,-27.803513,7.681297,64.1451,85.90202,0.0,0.0,-23.074642,-13.164367,-9.267026,49.50912,83.82342,0.0,0.0,-59.27996,-16.464184,28.70963,-4.2409883,56.948055,30.9123,11.227765,-4.3355365,134.89731,61.866688,12.22499,-15.202202,13.412338,39.21422,-8.842109,7.83543,11.980317,3.2688086,0.0,0.0,-59.030064,31.184032,-62.16039,-52.345657,-3.0544183,0.0,0.0
124,-23.417677,3.9396982,-8.257731,-0.033769485,17.98631,19.295208,-2.091613,-4.1829147,-2.422865,5.817515,-17.377487,1.4567336,3.7029321,1.9905924,-27.889837,7.781506,64.24283,85.844635,0.0,0.0,-23.627872,-12.848348,-9.935562,49.0109,83.793625,0.0,0.0,-50.931343,-23.067982,32.080673,-17.392887,54.483932,31.971441,15.133834,-10.821635,94.71272,50.875397,11.216487,-20.50979,12.463527,38.229435,-3.0712576,2.607938,2.9516764,8.253764,0.0,0.0,-54.65692,27.947702,-55.80861,-45.559345,1.4431809,0.0,0.0
125,-23.863346,3.6590571,-7.9230986,-0.30608413,18.533787,19.624664,-1.9092183,-4.318258,-1.6264491,6.190342,-17.273697,1.2053046,3.8174293,2.3646538,-27.897154,7.7898173,64.229195,86.00409,0.0,0.0,-24.146505,-12.570117,-10.521666,48.593536,83.90336,0.0,0.0,-44.42191,-27.202988,34.962337,-28.288408,49.930614,31.353151,16.680254,-17.972593,53.54141,36.730038,10.10515,-23.689085,11.508269,36.37507,2.557549,-3.5489564,-4.807301,13.05871,0.0,0.0,-50.57912,24.377739,-48.60777,-37.97398,6.930642,0.0,0.0
126,-24.265833,3.36447,-7.518748,-0.66359603,19.000153,19.875036,-1.762578,-4.6884303,-1.1339072,6.4499187,-17.180702,0.95200056,3.946541,2.736096,-27.817547,7.67708,64.10641,86.390205,0.0,0.0,-24.635717,-12.34643,-10.963131,48.25729,84.12905,0.0,0.0,-40.32889,-29.189417,36.32152,-36.25748,43.235355,29.502344,17.171963,-21.610231,11.990255,19.058746,8.836613,-25.015285,10.332447,32.858578,7.4736543,-10.200641,-10.520161,16.331238,0.0,0.0,-46.43135,20.408463,-40.385677,-30.081774,12.447299,0.0,0.0
127,-24.64005,3.0682425,-7.0981197,-1.0804166,19.379879,20.10424,-1.6317241,-5.119016,-1.0877589,6.5745516,-17.096474,0.70395213,4.0689697,3.0704591,-27.68513,7.491269,63.92582,86.74514,0.0,0.0,-25.086967,-12.170917,-11.285917,47.995686,84.33606,0.0,0.0,-38.41455,-29.890385,35.377922,-41.81845,34.81636,26.502026,18.032494,-18.827948,-26.47085,-5.124187,7.297968,-25.3138,8.7908325,27.009056,10.946521,-16.421227,-13.560165,17.215027,0.0,0.0,-41.67924,15.974175,-31.049253,-22.609241,16.327435,0.0,0.0
128,-24.999453,2.7788708,-6.720746,-1.5331285,19.670786,20.375591,-1.4891878,-5.4133167,-1.62857,6.529927,-17.019676,0.46405098,4.160385,3.3298917,-27.538671,7.287184,63.744007,86.804726,0.0,0.0,-25.489475,-12.034826,-11.526198,47.80124,84.39267,0.0,0.0,-38.28781,-30.228506,31.504164,-45.69158,25.148314,22.395115,20.597858,-7.3112545,-58.071342,-38.786797,5.389948,-25.4602,6.787781,18.249542,12.312186,-21.307997,-13.4450245,14.964067,0.0,0.0,-35.807667,11.038927,-20.573015,-16.286928,16.884129,0.0,0.0
129,-25.364782,2.4926374,-6.4173727,-2.0092258,19.861427,20.657568,-1.3054272,-5.4666023,-2.6190047,6.1862283,-16.959084,0.22620188,4.215807,3.483345,-27.39992,7.068969,63.594795,86.67437,0.0,0.0,-25.829033,-11.941248,-11.688811,47.66698,84.38366,0.0,0.0,-39.19115,-30.888258,25.36565,-48.891357,14.556295,17.357876,25.017464,10.707918,-80.30834,-80.42755,3.2627473,-25.977154,4.6727242,6.8478947,11.907862,-25.023283,-11.051601,9.240224,0.0,0.0,-28.796858,5.902167,-9.561676,-11.512558,13.338379,0.0,0.0
130,-25.759712,2.1993809,-6.2018256,-2.5009956,19.93378,20.857695,-1.0504802,-5.232294,-3.7418003,5.35542,-16.930058,-0.020303389,4.242258,3.503504,-27.280455,6.809848,63.498222,86.69264,0.0,0.0,-26.087845,-11.901083,-11.758205,47.58678,84.52985,0.0,0.0,-40.130623,-32.400146,18.472094,-52.60395,3.3178012,11.675356,30.670515,30.046103,-91.39735,-125.527626,1.2337301,-27.161844,3.084743,-6.341552,10.706051,-28.385967,-8.126992,-0.004831796,0.0,0.0,-20.971611,1.0975419,0.93334126,-8.493144,5.5075393,0.0,0.0
131,-26.1916,1.8875335,-6.074836,-3.0163627,19.878004,20.92212,-0.7068396,-4.7145576,-4.757006,3.9225535,-16.938915,-0.28491554,4.249463,3.371896,-27.186283,6.4972396,63.45837,86.97645,0.0,0.0,-26.255396,-11.917147,-11.724085,47.544533,84.8756,0.0,0.0,-40.122387,-35.07792,12.071272,-57.796223,-8.674084,6.0213547,36.84967,46.565403,-92.23553,-168.20282,-0.3510958,-29.190014,2.4474947,-20.398237,9.705417,-32.21119,-6.32885,-11.699936,0.0,0.0,-12.606498,-2.9808471,9.99326,-7.2652693,-5.57729,0.0,0.0
132,-26.625132,1.54527,-6.0097437,-3.5956392,19.701841,20.888428,-0.28843728,-4.0354147,-5.6059933,1.9516978,-16.97081,-0.5715391,4.2525377,3.0891817,-27.111876,6.1557136,63.44328,87.10653,0.0,0.0,-26.335094,-11.973709,-11.587627,47.501797,85.03935,0.0,0.0,-38.205444,-38.71897,6.8157926,-64.87491,-22.336803,2.0439835,42.626896,58.550877,-89.84934,-199.00243,-1.0615443,-31.952244,2.6823876,-34.153015,9.946857,-37.243305,-7.0936337,-22.060318,0.0,0.0,-3.9126458,-6.2278805,16.919518,-7.517555,-15.9814005,0.0,0.0
133,-27.019154,1.1605972,-5.9772906,-4.2820373,19.411245,20.808424,0.18614604,-3.3273559,-6.272257,-0.44618803,-17.007751,-0.8840539,4.266695,2.6607957,-27.047611,5.8095355,63.414227,86.64367,0.0,0.0,-26.331793,-12.053167,-11.3550415,47.42005,84.63089,0.0,0.0,-33.51887,-42.98703,3.2526414,-74.130455,-38.687473,1.3341973,47.080715,64.802765,-91.6686,-208.65202,-0.5205714,-35.23611,3.6108053,-46.445152,12.374752,-44.089275,-11.680304,-27.097397,0.0,0.0,4.894925,-8.585173,21.100399,-8.861383,-21.57295,0.0,0.0
134,-27.336325,0.72063917,-5.9647336,-5.0971594,18.962515,20.742992,0.697396,-2.6463685,-6.913805,-2.9261754,-17.031406,-1.2347217,4.299212,2.1140544,-26.956865,5.418769,63.315548,85.8068,0.0,0.0,-26.242985,-12.147568,-11.069906,47.297153,83.86423,0.0,0.0,-26.290873,-46.889038,1.7292082,-85.45871,-58.51105,3.2430665,49.719906,65.905785,-99.51789,-195.662,0.91536885,-38.137306,4.7583632,-56.59761,16.77524,-51.9156,-19.714573,-24.98729,0.0,0.0,13.439895,-10.034795,22.518505,-10.621875,-20.778105,0.0,0.0
135,-27.541925,0.21138754,-5.96971,-6.050214,18.2797,20.758688,1.2258433,-1.9994451,-7.799595,-4.998473,-17.023222,-1.641535,4.352419,1.4892492,-26.78581,4.9024224,63.08069,85.228745,0.0,0.0,-26.06127,-12.255168,-10.79901,47.15372,83.33325,0.0,0.0,-17.423597,-49.02052,2.467842,-98.525185,-82.47799,5.711459,50.32533,63.56629,-111.7015,-163.40585,2.428893,-39.316563,5.4644732,-64.246414,22.21104,-58.988262,-29.805954,-15.261125,0.0,0.0,21.253756,-10.5845375,21.52937,-11.94572,-13.628477,0.0,0.0
136,-27.619827,-0.35156235,-5.9761434,-7.142201,17.308266,20.879345,1.7462314,-1.3982956,-9.069553,-6.3405275,-16.97711,-2.0939515,4.4226213,0.8198702,-26.507853,4.230392,62.678825,85.28091,0.0,0.0,-25.790745,-12.370432,-10.590186,47.01101,83.38436,0.0,0.0,-7.445166,-48.492714,5.226961,-113.43847,-111.13012,6.567123,49.08874,59.709873,-125.64318,-116.58534,3.20298,-37.865074,5.0580196,-69.129135,27.733519,-63.641125,-40.720947,0.513969,0.0,0.0,28.029451,-10.266853,18.710989,-12.29137,-1.6802375,0.0,0.0
137,-27.60073,-0.8882239,-5.9348917,-8.366936,16.037558,21.026619,2.2261221,-0.85969454,-10.561768,-7.0614014,-16.916668,-2.5181208,4.492588,0.11472747,-26.160027,3.4893327,62.16218,85.68621,0.0,0.0,-25.46083,-12.479887,-10.441596,46.889084,83.75047,0.0,0.0,4.149096,-45.69288,8.672129,-131.53902,-145.00644,3.457109,47.179447,56.707024,-136.95538,-62.465683,2.4598122,-33.935204,2.8598704,-71.30808,32.465088,-64.49591,-51.77017,16.085007,0.0,0.0,33.94684,-9.178155,15.143393,-11.886974,10.023692,0.0,0.0
138,-27.515434,-1.3158596,-5.7984724,-9.722333,14.459458,21.108564,2.6363895,-0.39544562,-12.078084,-7.318165,-16.869953,-2.8364134,4.5418353,-0.6176879,-25.786924,2.7807956,61.589657,86.09657,0.0,0.0,-25.101887,-12.569564,-10.343365,46.805077,84.09663,0.0,0.0,17.958668,-41.19277,11.3782215,-154.19067,-184.47011,-5.7881284,45.778915,56.76382,-141.25656,-8.577267,-0.5046505,-27.856514,-1.7145909,-70.910164,35.596466,-60.35959,-62.346867,24.93754,0.0,0.0,39.230522,-7.447219,11.9456835,-11.02006,16.274714,0.0,0.0
139,-27.323694,-1.6362612,-5.592526,-11.28207,12.510897,21.047478,3.00748,0.06010945,-13.523427,-7.1443806,-16.866467,-3.0404167,4.536369,-1.3437505,-25.41099,2.1730034,60.955494,86.41484,0.0,0.0,-24.710215,-12.635002,-10.271134,46.742268,84.31814,0.0,0.0,34.11681,-35.60439,12.693971,-181.23795,-228.34604,-20.919828,44.624367,59.473328,-137.43126,39.28422,-5.594545,-20.25062,-8.151132,-68.42795,37.074936,-51.80678,-72.06909,25.459204,0.0,0.0,43.969654,-5.48015,9.8483515,-9.412911,15.83193,0.0,0.0
140,-26.939955,-1.9047755,-5.3885207,-13.169982,10.09105,20.774256,3.4077966,0.6220505,-14.869269,-6.4949236,-16.936733,-3.1654406,4.4335556,-2.0148275,-25.040241,1.7126254,60.212288,86.70231,0.0,0.0,-24.260113,-12.677791,-10.191348,46.66257,84.4556,0.0,0.0,52.485447,-29.556183,12.456948,-211.60417,-274.54337,-40.189476,42.538937,62.784893,-126.40662,76.4592,-12.217924,-11.912203,-15.251366,-64.579056,37.32441,-40.51155,-80.70605,19.120493,0.0,0.0,48.172806,-3.8560905,9.336592,-6.4272513,9.948693,0.0,0.0
141,-26.310434,-2.1568625,-5.240645,-15.45378,7.16055,20.247778,3.8631551,1.3386273,-16.075533,-5.412867,-17.09921,-3.2346313,4.214587,-2.6026495,-24.680487,1.422711,59.343117,86.960625,0.0,0.0,-23.743511,-12.702134,-10.085095,46.561947,84.52848,0.0,0.0,72.55192,-23.254372,11.151884,-243.61633,-320.03714,-61.723324,38.412415,64.735725,-109.354774,99.759636,-19.620056,-3.4294677,-21.83738,-60.02366,36.727947,-28.077427,-87.88987,8.345947,0.0,0.0,51.83489,-3.0712497,10.663497,-1.6112208,0.6030448,0.0,0.0
142,-25.454185,-2.3816285,-5.157366,-18.088692,3.7979765,19.490068,4.301054,2.103393,-17.088808,-4.146521,-17.344343,-3.241837,3.9166331,-3.1365786,-24.32818,1.2649744,58.396255,87.04645,0.0,0.0,-23.189676,-12.718769,-9.967896,46.51755,84.50198,0.0,0.0,93.14994,-15.818661,10.787082,-274.5951,-360.18762,-83.652695,31.304358,63.68165,-87.8103,109.93548,-26.761293,5.2155437,-26.897917,-55.225132,35.55407,-15.750894,-93.02692,-2.3653188,0.0,0.0,54.97309,-3.3958144,13.530674,5.064933,-8.670711,0.0,0.0
143,-24.400257,-2.5586488,-5.134896,-21.011486,0.10123385,18.531614,4.6368394,2.7926726,-17.854427,-2.9601305,-17.658077,-3.1759217,3.5842714,-3.6502812,-23.979795,1.1953858,57.428337,86.82096,0.0,0.0,-22.630941,-12.739942,-9.85579,46.610874,84.34097,0.0,0.0,113.04777,-6.3403006,13.413893,-301.74783,-389.97128,-104.109535,20.445839,58.171474,-63.40131,108.40108,-32.58695,14.064323,-29.538969,-50.573254,34.04652,-4.644408,-95.54085,-8.498087,0.0,0.0,57.60379,-5.035158,17.525312,13.522924,-14.337996,0.0,0.0
144,-23.16448,-2.641897,-5.1022716,-24.170437,-3.8519328,17.390831,4.8182216,3.3531995,-18.352982,-1.9505959,-18.022366,-3.0207727,3.252279,-4.1449213,-23.640036,1.1957417,56.46912,86.44112,0.0,0.0,-22.0644,-12.785121,-9.712645,46.83718,84.099434,0.0,0.0,131.69896,4.739281,19.067322,-323.24203,-403.60004,-121.580215,6.692854,48.47399,-38.046833,98.41231,-36.46367,22.587757,-30.054073,-45.8835,32.371017,5.2612686,-95.603195,-8.850836,0.0,0.0,59.785004,-7.7990494,21.828646,23.207453,-15.503845,0.0,0.0
145,-21.752562,-2.5691166,-4.946038,-27.525179,-8.001287,16.076895,4.8132715,3.7765477,-18.587475,-1.1083479,-18.417126,-2.7568166,2.9488533,-4.6016994,-23.318392,1.2642825,55.53029,86.249825,0.0,0.0,-21.464203,-12.8784485,-9.469209,47.13787,83.88719,0.0,0.0,149.0095,16.140352,26.5193,-337.86554,-394.78134,-134.78896,-8.092122,35.926193,-13.82043,84.3665,-38.024796,29.905043,-29.48445,-40.60307,30.641954,14.709747,-93.853615,-4.307209,0.0,0.0,61.60305,-11.252655,25.371044,33.274685,-12.934932,0.0,0.0
146,-20.18023,-2.3145792,-4.606581,-31.001335,-12.166684,14.624406,4.614827,4.0573025,-18.573631,-0.42012212,-18.817577,-2.3870835,2.68563,-5.0016418,-23.021727,1.4096034,54.622303,86.4278,0.0,0.0,-20.821463,-13.031254,-9.106715,47.482056,83.77946,0.0,0.0,164.81421,26.39243,34.114277,-344.88693,-358.51285,-142.81439,-22.058264,21.95334,7.387007,70.13108,-37.101646,35.195183,-28.815613,-34.451363,28.970795,24.18615,-90.79726,3.0878341,0.0,0.0,63.1422,-15.064357,27.569033,42.870094,-8.095828,0.0,0.0
147,-18.469812,-1.9395332,-4.152727,-34.484898,-15.932896,13.112504,4.2739806,4.2007337,-18.359415,0.1424944,-19.192768,-1.9653958,2.4311092,-5.3318152,-22.74639,1.6653324,53.741665,86.75828,0.0,0.0,-20.161213,-13.225246,-8.72529,47.911057,83.7638,0.0,0.0,178.9757,33.74636,39.320526,-344.87924,-292.7807,-145.73682,-33.61011,7.9893403,24.432772,58.075115,-34.006847,37.885574,-28.861233,-27.746994,27.442009,33.64628,-86.575455,8.656727,0.0,0.0,64.50277,-19.202974,29.056002,51.252274,-4.01857,0.0,0.0
148,-16.645073,-1.5166926,-3.6706762,-37.85877,-18.850193,11.625625,3.8488185,4.2132974,-17.99762,0.61019236,-19.511967,-1.5507746,2.150421,-5.58076,-22.487864,2.0639923,52.88681,86.98156,0.0,0.0,-19.511404,-13.440119,-8.430684,48.469513,83.81039,0.0,0.0,191.29977,36.558826,39.654583,-338.50662,-197.25108,-143.84999,-41.28579,-4.5136633,36.363457,50.199,-29.126537,37.52496,-30.359335,-20.939371,26.137476,42.89711,-81.28633,7.9108877,0.0,0.0,65.79473,-23.674704,30.63812,57.679867,-3.645837,0.0,0.0
149,-14.708545,-1.1047908,-3.2292755,-41.10165,-20.54808,10.209815,3.3817844,4.106689,-17.549053,1.0323194,-19.764791,-1.1729007,1.8354132,-5.7531257,-22.24257,2.58524,52.08227,87.00233,0.0,0.0,-18.865461,-13.683007,-8.192494,49.126194,83.83298,0.0,0.0,201.25992,35.066967,34.75891,-325.66022,-85.63315,-138.50365,-45.000977,-14.143811,43.62417,46.55095,-22.9335,34.77901,-33.471092,-14.8677025,25.119932,51.127197,-75.1169,2.8837066,0.0,0.0,67.24815,-28.477,33.1453,61.42529,-6.3062487,0.0,0.0
150,-12.649475,-0.7536793,-2.8863776,-44.2524,-20.70711,8.886853,2.9054415,3.8959782,-17.079498,1.4699085,-19.953682,-0.842931,1.4947416,-5.863741,-22.007517,3.1754172,51.368965,86.82915,0.0,0.0,-18.195072,-13.978324,-7.894633,49.802086,83.710144,0.0,0.0,208.12054,30.693594,25.617401,-305.7446,19.525166,-131.7121,-45.54041,-19.516804,47.5417,45.94788,-15.955275,31.017338,-37.993465,-10.615737,24.439417,57.13725,-68.310074,-0.28759184,0.0,0.0,69.16855,-33.60131,37.420925,61.771626,-9.053093,0.0,0.0
151,-10.483965,-0.4929001,-2.6840956,-47.291943,-19.333055,7.6581855,2.4465513,3.616174,-16.628365,1.9609758,-20.078909,-0.56465167,1.124491,-5.933917,-21.777037,3.7877645,50.76374,86.543365,0.0,0.0,-17.482191,-14.340784,-7.469077,50.43633,83.42166,0.0,0.0,211.31467,24.827463,13.476014,-278.41132,100.59548,-125.09474,-43.818764,-19.892063,49.399776,47.1081,-8.742489,27.49969,-43.58898,-8.891783,23.958548,60.356144,-61.048973,1.9565456,0.0,0.0,71.757454,-38.89748,43.86499,58.5851,-9.994456,0.0,0.0
152,-8.307436,-0.30517465,-2.6282563,-50.040337,-17.221422,6.4853215,2.0213149,3.3519173,-16.1746,2.4845831,-20.134384,-0.3266028,0.6924902,-5.999733,-21.540535,4.3892493,50.22896,86.399025,0.0,0.0,-16.738989,-14.75868,-6.9693117,51.009315,83.19352,0.0,0.0,210.67386,18.77242,0.24408531,-244.11679,151.59406,-119.34206,-41.04513,-16.078869,50.337414,48.549015,-1.9468247,25.218311,-49.57269,-9.5010395,23.094028,61.717594,-53.420033,6.8168545,0.0,0.0,74.945915,-43.84107,51.76737,53.157387,-9.849934,0.0,0.0
153,-6.2113132,-0.16629113,-2.7170837,-52.319344,-15.226451,5.3227715,1.640692,3.1891978,-15.688799,3.0137455,-20.11523,-0.112671725,0.16484304,-6.0977583,-21.288633,4.95563,49.7217,86.63967,0.0,0.0,-15.976955,-15.218657,-6.4560475,51.51084,83.25457,0.0,0.0,206.1544,13.757823,-12.185721,-203.44846,169.55292,-114.94571,-38.44366,-9.192568,51.41521,48.886875,3.8152082,25.04813,-55.202938,-12.126067,21.250069,62.26544,-45.429256,10.751911,0.0,0.0,78.652016,-47.89831,60.275623,46.95413,-9.608657,0.0,0.0
154,-4.216664,-0.06422251,-2.933857,-54.08512,-13.6282215,4.1717277,1.2966361,3.1615856,-15.168942,3.526968,-20.03415,0.10685488,-0.44781914,-6.242545,-21.044739,5.509057,49.259182,87.12252,0.0,0.0,-15.18443,-15.715018,-5.8912735,51.937122,83.47524,0.0,0.0,198.27858,10.607851,-22.607092,-158.42313,162.07983,-112.02331,-37.00818,-1.1989754,52.962456,48.117207,8.132633,27.17068,-59.39838,-16.656404,18.44269,61.63833,-36.686497,12.24639,0.0,0.0,82.97236,-50.785202,68.458626,41.19741,-8.936169,0.0,0.0
155,-2.2986255,0.005653293,-3.2521815,-55.38092,-12.344197,3.0617592,0.9687346,3.2692747,-14.629906,4.006622,-19.915049,0.37045726,-1.1070338,-6.43486,-20.852694,6.101248,48.896004,87.46161,0.0,0.0,-14.334671,-16.247124,-5.1746793,52.288967,83.50045,0.0,0.0,187.9296,9.88562,-30.256552,-111.93902,143.51375,-110.450714,-37.58501,5.400918,54.849396,47.104736,10.730525,31.32646,-60.86967,-23.108702,15.073679,58.593643,-26.548676,11.065013,0.0,0.0,88.117714,-52.379936,75.34104,36.953007,-6.666639,0.0,0.0
156,-0.45198023,0.061008267,-3.6340928,-56.23992,-11.280586,1.9971796,0.6308797,3.4754095,-14.078525,4.449652,-19.781036,0.7044616,-1.7676406,-6.685412,-20.735693,6.7383304,48.671947,87.44162,0.0,0.0,-13.411511,-16.804693,-4.27446,52.583744,83.17307,0.0,0.0,176.01192,11.714275,-34.870945,-66.33348,125.11765,-109.92671,-40.507446,9.0901,56.944637,46.443783,11.608848,37.001297,-58.98943,-31.182295,11.652527,52.274166,-15.045468,7.789048,0.0,0.0,94.250656,-52.74805,80.33531,34.827,-2.1643264,0.0,0.0
157,1.2676828,0.1507268,-4.0116315,-56.66314,-10.336793,0.9276198,0.24603018,3.6540468,-13.505366,4.8849535,-19.653807,1.1033846,-2.3651378,-7.027477,-20.667307,7.311782,48.5911,87.26642,0.0,0.0,-12.430923,-17.350433,-3.3316383,52.8765,82.82184,0.0,0.0,163.54866,15.154992,-37.345577,-22.863901,110.64665,-109.73603,-44.860645,10.712108,59.115948,46.051426,11.419026,43.046974,-54.744026,-39.754925,8.954805,42.828075,-3.9068651,4.934305,0.0,0.0,101.371666,-52.39813,83.75614,34.338993,3.870441,0.0,0.0
158,2.8105597,0.3234203,-4.323066,-56.653687,-9.411119,-0.20212254,-0.22207491,3.683815,-12.897991,5.344703,-19.552078,1.558663,-2.8427591,-7.49336,-20.614233,7.7078953,48.64756,87.18442,0.0,0.0,-11.406431,-17.85005,-2.4937,53.223778,82.81181,0.0,0.0,151.48895,19.107117,-38.68324,17.626913,102.3773,-109.138435,-49.537586,11.427156,61.240852,45.752346,10.892406,48.25564,-49.300797,-47.694267,7.7142415,30.580572,5.095529,5.0209703,0.0,0.0,109.4402,-51.870487,86.05372,34.85015,10.535574,0.0,0.0
159,4.2017226,0.57100385,-4.607301,-56.24712,-8.452134,-1.3602189,-0.7670808,3.630832,-12.263354,5.824029,-19.470112,2.063759,-3.229896,-8.055853,-20.55341,7.911738,48.793777,87.255554,0.0,0.0,-10.315299,-18.320265,-1.7399378,53.62297,83.13357,0.0,0.0,140.33415,22.314608,-38.954086,54.949665,99.27521,-107.81727,-53.18727,11.879384,63.20621,45.481857,10.54073,51.512665,-43.284657,-54.71431,7.9303675,16.478548,11.955851,7.6049037,0.0,0.0,117.930176,-51.313282,87.46553,35.84038,16.648203,0.0,0.0
160,5.5148053,0.84969157,-4.966745,-55.50023,-7.4393015,-2.4609358,-1.3559883,3.6792498,-11.620194,6.2950864,-19.386667,2.613574,-3.6106195,-8.650495,-20.468164,7.971089,48.95584,87.42103,0.0,0.0,-9.111342,-18.810316,-0.9431527,54.034454,83.54162,0.0,0.0,130.29376,23.425611,-37.6447,89.36312,98.20505,-105.722946,-54.308075,12.389654,64.90635,45.244774,10.738057,51.767403,-36.977955,-61.067986,9.137272,1.8568171,17.788794,10.372763,0.0,0.0,126.01375,-50.628094,88.09908,36.86273,20.851532,0.0,0.0
161,6.7937183,1.1177522,-5.435416,-54.452736,-6.376475,-3.4617424,-1.9491615,3.9167962,-10.977051,6.7418847,-19.285852,3.1831071,-4.020721,-9.246406,-20.350245,7.916301,49.10049,87.62088,0.0,0.0,-7.775677,-19.343529,-0.03302518,54.430725,83.86272,0.0,0.0,121.33799,21.586212,-34.192818,121.27745,96.54967,-102.995476,-51.937225,12.735978,66.25447,45.16024,11.713229,48.345257,-30.567806,-66.885956,10.932641,-12.109651,23.320845,11.587799,0.0,0.0,132.86662,-49.725765,87.943214,37.67027,21.93134,0.0,0.0
162,8.000958,1.3379923,-5.877733,-53.11015,-5.3318963,-4.419308,-2.488161,4.1937,-10.321796,7.1748223,-19.165882,3.69583,-4.3754554,-9.89066,-20.212183,7.734195,49.291924,87.79545,0.0,0.0,-6.3647985,-19.876326,0.91420615,54.812153,84.10374,0.0,0.0,112.93115,17.15797,-27.968386,151.24391,93.0256,-100.23838,-46.432114,11.4056635,67.20063,45.618996,13.344122,41.500923,-24.068195,-71.94844,13.071156,-24.553444,28.270052,10.961113,0.0,0.0,137.64233,-48.554977,86.71006,38.488,19.021416,0.0,0.0
163,9.096255,1.4773114,-6.1467543,-51.469685,-4.3751717,-5.4029207,-2.9182684,4.339322,-9.638858,7.6102552,-19.026306,4.0755177,-4.583677,-10.637431,-20.067587,7.4094863,49.60053,87.891235,0.0,0.0,-4.938253,-20.36173,1.810221,55.185406,84.29294,0.0,0.0,104.46533,10.679126,-18.497679,179.94054,86.68081,-98.03648,-38.370674,6.941585,67.69876,46.99633,15.444339,31.673256,-17.537928,-75.974686,15.352022,-34.7239,32.205677,8.493974,0.0,0.0,139.621,-47.10383,84.13638,39.61599,11.5149,0.0,0.0
164,10.079918,1.5276307,-6.223703,-49.54027,-3.537099,-6.4118824,-3.2281618,4.3277154,-8.938939,8.066424,-18.863203,4.305857,-4.660293,-11.463833,-19.913559,6.9767637,49.99915,87.91348,0.0,0.0,-3.5302174,-20.798792,2.6281626,55.562904,84.3863,0.0,0.0,95.787636,2.7465599,-7.325249,207.68565,78.15233,-96.13478,-28.732777,0.605166,67.61743,49.05551,17.638882,19.987347,-12.137332,-78.28714,17.730001,-41.98385,34.411964,4.992763,0.0,0.0,139.19392,-45.783596,80.6925,41.383842,1.0675652,0.0,0.0
165,10.978807,1.4968481,-6.1709404,-47.33754,-2.8231418,-7.402209,-3.4343426,4.2242827,-8.248791,8.5630665,-18.670412,4.40875,-4.68736,-12.298903,-19.736721,6.502017,50.3993,87.90454,0.0,0.0,-2.15785,-21.215971,3.380626,55.961018,84.29466,0.0,0.0,87.02431,-6.006606,2.7365937,234.59581,69.0769,-93.7485,-18.750103,-4.6311855,66.773094,51.173607,19.434654,7.998456,-9.713143,-77.96485,20.258848,-45.780838,33.9999,1.7716624,0.0,0.0,137.45819,-45.270203,77.30977,44.13923,-9.237506,0.0,0.0
166,11.809871,1.3882916,-6.047943,-44.875816,-2.2218444,-8.341081,-3.5521476,4.09306,-7.5878754,9.107462,-18.450146,4.4046164,-4.736446,-13.086534,-19.527287,6.03652,50.736607,87.89498,0.0,0.0,-0.8266894,-21.6406,4.090591,56.39667,83.99217,0.0,0.0,78.15148,-15.081309,9.811351,260.62204,60.686596,-90.59746,-9.306735,-6.897749,65.158,52.690643,20.448534,-3.1407044,-11.13117,-74.73104,22.90595,-46.176056,30.7183,-0.29931933,0.0,0.0,135.30011,-45.761105,74.41969,47.856705,-16.783419,0.0,0.0
167,12.566161,1.1934403,-5.9040685,-42.162594,-1.6815002,-9.225108,-3.5930874,3.991294,-6.956819,9.677668,-18.22452,4.308726,-4.851669,-13.808849,-19.284124,5.5945754,51.007053,87.88577,0.0,0.0,0.48653704,-22.096788,4.8053446,56.888653,83.605736,0.0,0.0,68.76293,-24.312466,14.317295,285.3556,53.19739,-87.62775,-0.43367413,-7.031337,63.185177,52.87142,20.565022,-13.270102,-14.885594,-69.85569,25.43086,-44.69604,25.844875,-1.4348103,0.0,0.0,133.07173,-46.29727,71.233986,51.620094,-20.125196,0.0,0.0
168,13.233865,0.90404654,-5.782815,-39.215584,-1.1528432,-10.054428,-3.5669694,3.968587,-6.3552985,10.244806,-18.017845,4.13516,-5.066926,-14.453302,-19.009024,5.184832,51.215202,87.873695,0.0,0.0,1.8019265,-22.601486,5.5643964,57.450283,83.2819,0.0,0.0,58.490364,-33.53998,16.938824,308.2077,46.737865,-85.907486,7.909219,-6.215165,61.301785,51.08501,19.730799,-22.33346,-19.177464,-64.79049,27.563095,-42.994976,20.829767,-1.9890099,0.0,0.0,131.01683,-45.835106,66.92191,54.44327,-18.300175,0.0,0.0
169,13.796299,0.5248356,-5.6711273,-36.04974,-0.6562033,-10.861301,-3.4720206,3.9946196,-5.7740397,10.777275,-17.835464,3.8878238,-5.3519087,-15.037638,-18.710558,4.792734,51.37451,87.857,0.0,0.0,3.1174128,-23.117817,6.3126016,58.053505,83.115204,0.0,0.0,47.583874,-42.542828,17.752419,328.3098,41.786404,-85.70625,15.5646925,-5.0430155,59.545307,48.00434,18.150425,-30.270493,-23.032364,-60.22581,29.156792,-41.646553,16.286938,-2.1394422,0.0,0.0,128.93553,-44.324093,62.047688,56.209435,-13.979748,0.0,0.0
170,14.2322645,0.069288515,-5.5209537,-32.687675,-0.25752193,-11.6950035,-3.2989893,3.9892626,-5.200407,11.239839,-17.671587,3.5644925,-5.635628,-15.596025,-18.402409,4.390739,51.503002,87.834885,0.0,0.0,4.41234,-23.573528,6.9329133,58.642586,83.16846,0.0,0.0,36.716145,-51.028484,16.433582,344.5274,39.06836,-86.80125,22.218866,-3.7347443,57.701515,45.12087,16.189363,-36.981224,-25.983881,-56.388477,30.135769,-40.54842,12.3199215,-1.947808,0.0,0.0,126.35722,-42.336582,58.063606,57.33515,-12.10122,0.0,0.0
171,14.535142,-0.4540335,-5.322915,-29.166473,0.032256417,-12.584478,-3.0488873,3.9147313,-4.629901,11.6260805,-17.52326,3.1698906,-5.8790874,-16.148241,-18.095547,3.968849,51.61078,87.80886,0.0,0.0,5.6693707,-23.93527,7.3827887,59.18931,83.38845,0.0,0.0,26.692934,-58.54148,12.677041,355.62994,39.009865,-88.77926,27.443895,-2.2495492,55.43168,43.64791,14.115813,-42.25322,-27.809536,-53.34049,30.539341,-39.650955,8.954149,-1.5214738,0.0,0.0,123.099266,-40.3221,55.991512,58.082245,-15.095909,0.0,0.0
172,14.733586,-1.0494546,-5.161522,-25.553347,0.33612716,-13.510401,-2.7472143,3.8365426,-4.077026,11.999235,-17.394625,2.7250686,-6.121815,-16.67953,-17.793884,3.5591414,51.688858,87.78593,0.0,0.0,6.8811994,-24.264645,7.8011174,59.73298,83.4448,0.0,0.0,18.615328,-64.24354,6.2287803,360.1662,41.314987,-90.791504,30.546452,0.06777033,52.103065,44.103237,11.956067,-45.608173,-28.85333,-50.76341,30.681095,-39.05585,6.043878,-1.0810869,0.0,0.0,119.675385,-38.410206,55.789097,58.3213,-19.30741,0.0,0.0
173,14.861119,-1.7179761,-5.1300325,-21.934574,0.7836369,-14.443945,-2.4241748,3.8302302,-3.5614445,12.426795,-17.29077,2.2552037,-6.409216,-17.170057,-17.500631,3.196556,51.726833,87.77363,0.0,0.0,8.039239,-24.629366,8.338223,60.315712,83.01461,0.0,0.0,13.583578,-67.22237,-3.0960963,356.71655,45.53135,-91.962234,30.807598,3.8649473,47.09468,46.83108,9.704992,-46.52642,-29.5076,-48.290882,30.884174,-38.847702,3.4145215,-0.8724704,0.0,0.0,116.66043,-36.656628,57.17351,57.869354,-20.472885,0.0,0.0
174,14.956049,-2.4302502,-5.2570395,-18.39093,1.3699876,-15.372981,-2.1077507,3.9090981,-3.1036336,12.92586,-17.209953,1.7835848,-6.734127,-17.624815,-17.208475,2.8593097,51.733463,87.775536,0.0,0.0,9.160417,-25.02356,8.991484,60.924248,82.32165,0.0,0.0,11.826908,-66.62544,-15.108494,344.76035,50.765312,-91.933784,27.794363,8.798803,40.24486,51.402214,7.3012533,-44.609314,-29.813017,-45.53092,31.128056,-38.641293,0.7174899,-1.2153677,0.0,0.0,113.99984,-34.724724,58.91568,56.595478,-17.80086,0.0,0.0
175,15.058903,-3.1357522,-5.5310497,-15.012434,2.0048227,-16.292627,-1.8255857,4.047584,-2.7265537,13.480522,-17.146605,1.3338727,-7.0554733,-18.062473,-16.904573,2.4914637,51.729206,87.79271,0.0,0.0,10.27336,-25.393894,9.660578,61.508656,81.93271,0.0,0.0,13.056428,-61.61747,-29.364887,324.3204,55.841908,-90.667404,21.241737,13.89565,31.692059,56.90086,4.655829,-39.521458,-29.584976,-42.084946,31.175198,-37.758324,-2.4943511,-2.476483,0.0,0.0,111.25478,-32.03827,59.194454,54.4007,-12.671052,0.0,0.0
176,15.201214,-3.779162,-5.9372263,-11.883508,2.6195173,-17.195553,-1.6117505,4.2265916,-2.4489539,14.079588,-17.099916,0.93580586,-7.346517,-18.487915,-16.584532,2.072442,51.718468,87.809715,0.0,0.0,11.389371,-25.70381,10.272619,62.036827,82.13008,0.0,0.0,16.85134,-52.053276,-45.791454,295.6503,60.512127,-88.20222,11.314381,18.462574,21.710093,62.547726,1.7467505,-31.285564,-28.80367,-37.66836,30.812654,-35.715797,-6.483481,-4.595876,0.0,0.0,108.006065,-28.301687,56.844154,51.387455,-6.5861926,0.0,0.0
177,15.392846,-4.2944326,-6.454225,-9.074991,3.20073,-18.06824,-1.5157429,4.4439836,-2.279425,14.72441,-17.080635,0.6336943,-7.6161394,-18.872429,-16.2644,1.6677284,51.666733,87.77149,0.0,0.0,12.477721,-25.958714,10.824113,62.52074,82.50129,0.0,0.0,22.494568,-39.440952,-65.20981,259.53592,66.75678,-84.751854,-0.7997336,22.5032,10.88611,67.90896,-1.2860945,-20.780188,-27.852612,-32.270153,29.894623,-32.50974,-11.06595,-6.489268,0.0,0.0,103.89612,-23.901163,52.292362,48.1397,-1.262142,0.0,0.0
178,15.641273,-4.619967,-7.070451,-6.652442,3.7507405,-18.89795,-1.5851533,4.699597,-2.2245905,15.418644,-17.10025,0.47078556,-7.878159,-19.184425,-15.962128,1.3493686,51.53688,87.62651,0.0,0.0,13.5046425,-26.169634,11.320962,62.97845,82.57395,0.0,0.0,29.21995,-25.55262,-88.402054,216.85213,76.634926,-80.55221,-13.746185,26.1543,-0.15412685,72.5774,-4.2596984,-9.036393,-27.145927,-25.953453,28.29687,-28.22651,-15.977862,-7.043267,0.0,0.0,98.599625,-19.303131,46.20183,45.281967,1.7026662,0.0,0.0
179,15.958,-4.7582407,-7.883802,-4.6833515,4.3473334,-19.677011,-1.8177959,4.9826927,-2.2857733,16.158749,-17.158712,0.4557821,-8.138564,-19.410873,-15.688123,1.1255116,51.330067,87.43202,0.0,0.0,14.454328,-26.338171,11.751954,63.415535,82.35372,0.0,0.0,36.075626,-12.647875,-113.783806,169.3867,89.185036,-75.87923,-25.759695,29.841183,-10.676378,75.80045,-6.7214456,2.4001365,-26.78389,-19.282413,26.061245,-23.261343,-20.70496,-6.518515,0.0,0.0,92.15541,-14.830553,39.36638,43.14343,2.3625667,0.0,0.0
180,16.358482,-4.754216,-9.064475,-3.22168,5.119008,-20.405916,-2.1803865,5.2774496,-2.4605558,16.940712,-17.248783,0.5744944,-8.399947,-19.552378,-15.446219,0.9620305,51.070892,87.31283,0.0,0.0,15.328479,-26.46124,12.098102,63.832443,82.14839,0.0,0.0,42.03429,-3.2046733,-138.41309,119.2485,101.59016,-71.008804,-34.897728,34.191265,-19.945677,76.63753,-8.067514,11.732852,-26.663898,-13.098451,23.324926,-18.17756,-24.605986,-6.0454373,0.0,0.0,84.8006,-10.687597,32.624157,41.848763,1.8324914,0.0,0.0
181,16.839136,-4.6603713,-10.668719,-2.294489,6.147847,-21.083818,-2.6304195,5.585995,-2.7368672,17.743109,-17.3564,0.79817146,-8.663078,-19.617786,-15.238064,0.83288646,50.78159,87.331696,0.0,0.0,16.126396,-26.539484,12.354248,64.23381,82.1568,0.0,0.0,46.205227,1.3077986,-158.56345,68.70004,108.985016,-66.21273,-39.93179,39.408825,-27.455189,74.45682,-7.885069,17.75054,-26.642017,-7.979789,20.185244,-13.213333,-27.369465,-6.3009286,0.0,0.0,76.6348,-7.0128846,26.45982,41.461708,0.70034766,0.0,0.0
182,17.351282,-4.5469117,-12.478699,-1.856849,7.404495,-21.708946,-3.1043966,5.9543953,-3.079293,18.504822,-17.451437,1.0632931,-8.925296,-19.636295,-15.059376,0.73187786,50.477642,87.39979,0.0,0.0,16.844212,-26.583344,12.550265,64.63594,82.30617,0.0,0.0,48.04736,1.8880396,-168.74428,20.238766,101.688545,-61.74109,-41.39069,44.688095,-33.278748,69.38918,-6.234024,20.689062,-26.480106,-3.845358,16.636595,-7.8095765,-29.493832,-6.846361,0.0,0.0,67.4064,-3.7783525,20.492317,41.897945,-1.7356634,0.0,0.0
183,17.84333,-4.484271,-14.251764,-1.8566419,8.810901,-22.28171,-3.5394251,6.4304147,-3.4517863,19.163727,-17.503695,1.3048306,-9.184215,-19.638393,-14.90588,0.65813196,50.17166,87.41181,0.0,0.0,17.477108,-26.603954,12.71821,65.05625,82.481766,0.0,0.0,47.12214,0.013623307,-163.5785,-23.629599,70.31724,-57.777714,-40.123104,49.067043,-37.6389,61.688572,-3.2638233,21.08554,-25.91462,-0.4619284,12.656649,-1.3004973,-31.616148,-7.0711484,0.0,0.0,56.820328,-0.91855633,14.201325,43.026794,-6.205724,0.0,0.0
184,18.297268,-4.516519,-15.889616,-2.2768004,9.898105,-22.819077,-3.907215,6.9988823,-3.843256,19.701595,-17.508333,1.4945756,-9.441767,-19.635477,-14.785731,0.63919646,49.860165,87.32824,0.0,0.0,18.004436,-26.603823,12.853919,65.49782,82.54254,0.0,0.0,43.608826,-1.469896,-142.12297,-59.974945,17.598564,-53.85848,-37.718525,51.4269,-41.410152,51.88819,0.58705044,20.492529,-24.564947,2.9759912,8.277312,6.7395034,-34.55786,-6.271764,0.0,0.0,44.868362,1.7308015,7.0419445,44.414898,-11.526544,0.0,0.0
185,18.719233,-4.6703367,-17.395462,-3.1220639,9.960626,-23.351763,-4.2040806,7.6076674,-4.2606487,20.131887,-17.476854,1.6291782,-9.704098,-19.626822,-14.713996,0.7200455,49.527657,87.151344,0.0,0.0,18.399403,-26.58013,12.931345,65.957115,82.332535,0.0,0.0,38.072266,1.1256049,-106.217255,-85.871315,-46.276142,-49.087997,-36.222008,50.58129,-45.90289,40.65044,4.715869,21.101349,-21.975079,7.6525946,3.5415285,16.620367,-39.26646,-3.6902685,0.0,0.0,31.66092,4.4130664,-1.5813068,45.44547,-15.33535,0.0,0.0
186,19.102568,-4.890465,-18.639957,-4.317752,8.692252,-23.87832,-4.4543786,8.1931715,-4.7208776,20.45755,-17.415806,1.7360568,-9.958346,-19.591213,-14.700584,0.93416864,49.148174,86.933205,0.0,0.0,18.643633,-26.52867,12.919339,66.4258,81.83852,0.0,0.0,31.211054,9.535062,-59.92039,-99.783516,-111.5681,-42.933914,-36.79117,46.33965,-52.126217,28.315952,8.588636,24.137672,-18.059889,14.174283,-1.3609375,28.100737,-46.14693,0.9017723,0.0,0.0,17.39294,7.2813177,-11.795885,45.66838,-15.659802,0.0,0.0
187,19.41062,-4.9255905,-19.17784,-5.59738,6.756792,-24.321516,-4.7501717,8.666978,-5.265181,20.65734,-17.319494,1.9162524,-10.146753,-19.458836,-14.742285,1.2866058,48.67014,86.843765,0.0,0.0,18.741228,-26.442213,12.775894,66.8854,81.39036,0.0,0.0,24.031366,20.777319,-12.515811,-103.65223,-169.95981,-35.737156,-38.439148,40.91592,-60.366184,14.429586,11.849505,28.493307,-13.625029,21.759666,-5.9003835,39.640213,-54.305393,6.4601274,0.0,0.0,2.4272168,10.278582,-22.624073,45.042282,-11.518078,0.0,0.0
188,19.606424,-4.52836,-18.590748,-6.686873,4.8888392,-24.60255,-5.181891,8.950845,-5.9363465,20.70638,-17.182104,2.2688704,-10.213208,-19.161783,-14.833212,1.7748178,48.04523,87.04787,0.0,0.0,18.698467,-26.314085,12.463371,67.31809,81.334816,0.0,0.0,17.597527,31.22815,26.339159,-100.2638,-213.58305,-27.946535,-39.854687,36.76907,-70.83451,-1.6331482,14.164593,32.728107,-9.570202,29.46182,-9.540557,49.673977,-62.745796,11.702925,0.0,0.0,-12.862435,13.3327,-32.95316,43.572186,-2.4039059,0.0,0.0
189,19.696827,-3.8323195,-17.308378,-7.527857,3.0438714,-24.747192,-5.7003703,9.119466,-6.741502,20.579206,-17.019373,2.741261,-10.194661,-18.74108,-14.957056,2.3482647,47.316357,87.450424,0.0,0.0,18.510822,-26.151325,12.018327,67.72294,81.636826,0.0,0.0,13.223302,37.653183,50.84885,-96.30177,-236.6729,-19.92057,-39.59795,35.193058,-83.90172,-20.792334,15.120981,35.45268,-6.445325,36.6326,-12.180221,58.357693,-71.32549,14.688827,0.0,0.0,-27.98859,16.494804,-41.805405,41.141094,8.258903,0.0,0.0
190,19.717592,-3.2087307,-16.290922,-8.205111,0.67548263,-24.848808,-6.1710186,9.345561,-7.669281,20.250301,-16.859808,3.187222,-10.187089,-18.304594,-15.09152,2.9292512,46.58008,87.79374,0.0,0.0,18.16676,-25.968855,11.522225,68.112206,82.01997,0.0,0.0,12.334871,37.140465,57.916306,-100.868004,-235.07227,-11.911954,-36.16189,36.714333,-100.100204,-44.24876,14.271049,35.340157,-4.552001,42.860313,-14.014671,66.989975,-80.48918,13.100238,0.0,0.0,-42.483643,19.911936,-48.35296,37.546318,14.630944,0.0,0.0
191,19.721176,-2.894786,-16.089415,-8.873214,-2.3274512,-24.955994,-6.5031505,9.737814,-8.728857,19.685287,-16.726871,3.512722,-10.246863,-17.908527,-15.22399,3.501967,45.86471,87.90725,0.0,0.0,17.665333,-25.77209,11.0314245,68.48508,82.27594,0.0,0.0,15.011056,29.288168,49.173534,-118.70912,-206.42992,-3.6229708,-28.990532,40.538597,-120.00299,-73.2135,11.325687,31.941275,-3.5458612,47.946636,-15.118111,75.65927,-89.969246,6.3910184,0.0,0.0,-55.759457,23.69605,-52.157734,32.521484,13.45576,0.0,0.0
192,19.79974,-2.796936,-16.254324,-9.852407,-5.0200605,-25.00864,-6.7155995,10.248927,-9.981173,18.828941,-16.631062,3.7530713,-10.333625,-17.482101,-15.365503,4.201248,45.031292,87.83545,0.0,0.0,17.031322,-25.543047,10.539728,68.8103,82.36777,0.0,0.0,18.07564,19.73379,37.622242,-144.04074,-152.82213,6.5825787,-19.815447,42.71898,-144.30292,-108.957306,6.385703,26.921787,-1.5301411,52.2196,-15.276101,81.5442,-97.794586,-1.7077105,0.0,0.0,-66.98486,27.880697,-53.743088,25.647575,7.779066,0.0,0.0
193,20.03712,-2.777013,-16.225094,-11.451054,-6.384312,-24.933092,-6.8412533,10.805992,-11.494069,17.620237,-16.581974,3.9594028,-10.393511,-16.944555,-15.527871,5.1592712,43.93858,87.655594,0.0,0.0,16.293701,-25.261446,10.033078,69.05284,82.29138,0.0,0.0,17.923944,14.555095,36.65381,-169.46123,-77.95952,20.383684,-10.607694,39.171726,-173.54504,-152.59381,-0.3704032,22.128405,3.4408844,56.01353,-14.256439,81.59762,-101.83178,-7.1388674,0.0,0.0,-75.35377,32.440605,-53.70048,16.568811,1.4012972,0.0,0.0
194,20.357262,-2.7409468,-15.845377,-13.570575,-6.3269987,-24.682405,-6.8901896,11.305723,-13.330008,15.964774,-16.600494,4.147374,-10.380403,-16.312319,-15.692584,6.2291384,42.69612,87.45842,0.0,0.0,15.485203,-24.919556,9.5116415,69.18586,82.130196,0.0,0.0,11.493918,14.7862625,45.19953,-186.76237,3.391714,37.743584,-2.240822,29.484795,-206.44307,-203.4238,-8.542734,17.938784,11.299679,58.862286,-12.101941,75.03753,-100.93488,-9.260305,0.0,0.0,-80.7525,36.81973,-51.791626,5.8853693,-3.8052306,0.0,0.0
195,20.581482,-2.6228216,-15.216698,-15.845029,-5.3417583,-24.22784,-6.8579483,11.623575,-15.539491,13.754926,-16.714457,4.3093834,-10.253253,-15.66616,-15.8212595,7.082893,41.57749,87.34385,0.0,0.0,14.644573,-24.519186,8.98697,69.18722,82.02354,0.0,0.0,-3.893109,18.263922,53.002476,-187.16869,69.122604,57.458828,5.0702105,15.620736,-240.40178,-259.36472,-17.553122,13.819469,20.666529,59.7829,-9.040635,62.553436,-94.594055,-9.582671,0.0,0.0,-83.48487,40.107437,-47.264545,-5.14908,-7.165996,0.0,0.0
196,20.557468,-2.3878522,-14.465372,-17.94851,-3.9013808,-23.54864,-6.749525,11.684252,-18.143225,10.92367,-16.938702,4.437676,-9.989327,-15.062957,-15.890821,7.533807,40.747295,87.3411,0.0,0.0,13.800803,-24.072613,8.486914,69.051994,82.030464,0.0,0.0,-29.032253,22.92379,53.013718,-166.37349,105.1873,78.26267,11.309649,0.13148363,-272.91455,-317.4355,-26.73115,9.371179,30.078293,58.288967,-5.435237,45.60825,-83.106865,-9.016195,0.0,0.0,-83.96068,41.640976,-39.72155,-15.506452,-8.068653,0.0,0.0
197,20.196371,-2.0749297,-13.770814,-19.639643,-2.405693,-22.64457,-6.592466,11.525726,-21.073198,7.5172997,-17.256678,4.5230536,-9.609437,-14.506369,-15.913854,7.728869,40.1159,87.3118,0.0,0.0,12.967424,-23.620184,8.083225,68.81464,82.017426,0.0,0.0,-60.174843,27.062069,46.12186,-130.58308,116.26396,98.608635,16.827175,-13.016603,-301.40295,-372.04752,-35.110386,4.5926585,37.843582,55.06993,-1.9844701,27.51779,-68.67938,-6.927022,0.0,0.0,-82.76814,41.317455,-29.646687,-24.615294,-5.9473248,0.0,0.0
198,19.426683,-1.7327069,-13.306536,-20.709818,-1.2169209,-21.520945,-6.414433,11.207306,-24.249846,3.6023326,-17.647526,4.5565095,-9.142877,-13.992218,-15.907793,7.850736,39.565693,87.11702,0.0,0.0,12.155073,-23.203726,7.8473773,68.51344,81.8466,0.0,0.0,-92.90086,29.130209,34.429226,-87.51313,109.85052,116.99321,22.014568,-19.95404,-323.3867,-417.22662,-41.692513,-0.44040126,42.34998,50.952797,0.59269285,11.674836,-53.64279,-2.6620567,0.0,0.0,-80.52217,39.155605,-17.687786,-32.01668,-0.43888447,0.0,0.0
199,18.265608,-1.397617,-13.091302,-21.177227,-0.39079025,-20.210402,-6.2064896,10.840166,-27.611015,-0.71655846,-18.094418,4.533148,-8.642039,-13.51673,-15.885433,7.9294505,39.086628,86.89009,0.0,0.0,11.367927,-22.835382,7.775726,68.16411,81.6517,0.0,0.0,-122.76364,28.741114,20.567562,-44.41123,94.08328,132.85004,27.12155,-20.240156,-337.5644,-446.89145,-45.59711,-5.4393225,43.24387,46.356167,1.903561,-0.74055386,-38.553257,2.097101,0.0,0.0,-77.82582,35.606834,-4.868729,-37.75291,6.621724,0.0,0.0
200,16.792122,-1.0998224,-13.04668,-21.202143,0.20759101,-18.768845,-5.9375243,10.569829,-31.090395,-5.290846,-18.580978,4.450851,-8.176132,-13.078464,-15.856748,7.898315,38.738735,86.937065,0.0,0.0,10.609519,-22.510109,7.8173003,67.769646,81.73855,0.0,0.0,-145.17357,26.247356,7.565643,-8.414694,77.57656,146.13918,32.284676,-15.611161,-343.32806,-454.77557,-46.004776,-9.958731,40.96906,41.46132,1.7575551,-9.896427,-22.911955,4.1741366,0.0,0.0,-75.287,31.413233,7.491399,-42.159378,11.979732,0.0,0.0
201,15.106982,-0.85961527,-13.100653,-20.946434,0.7060685,-17.238762,-5.5886393,10.481416,-34.60853,-9.947374,-19.0784,4.31335,-7.789716,-12.678698,-15.834181,7.730559,38.566097,87.3476,0.0,0.0,9.876033,-22.222565,7.937371,67.33348,82.21144,0.0,0.0,-157.12996,22.183449,-2.3615754,15.764233,66.48007,157.27061,37.41216,-8.328206,-340.9585,-435.014,-42.512608,-13.664345,36.348274,36.47679,0.062222954,-15.941426,-6.5523963,1.9062278,0.0,0.0,-73.40674,27.184855,18.352108,-45.483345,13.817939,0.0,0.0
202,13.372048,-0.6773683,-13.202679,-20.564981,1.199703,-15.642673,-5.172995,10.518057,-38.020767,-14.412267,-19.52357,4.138402,-7.4728675,-12.33004,-15.8364105,7.4976816,38.577114,87.68941,0.0,0.0,9.1540785,-21.971165,8.142818,66.86401,82.687965,0.0,0.0,-159.12323,17.491978,-8.81933,28.762915,61.18577,167.54706,41.817757,-1.8171841,-332.67877,-382.3588,-35.666103,-16.442022,31.067234,31.73152,-3.0638096,-18.794497,9.704366,-2.74247,0.0,0.0,-72.45797,23.239723,27.219679,-47.689293,13.739961,0.0,0.0
203,11.749298,-0.54952484,-13.308301,-20.203932,1.7724575,-13.995073,-4.7092195,10.60327,-41.18862,-18.37999,-19.852634,3.9454,-7.207819,-12.044187,-15.882176,7.2811074,38.772182,87.5096,0.0,0.0,8.429633,-21.754864,8.444227,66.3708,82.760956,0.0,0.0,-152.33156,13.129128,-11.722954,32.179375,61.10537,178.27116,44.784225,0.5107185,-320.87573,-292.8752,-26.198217,-18.24433,26.87574,27.55487,-7.45607,-18.415443,24.938065,-7.334058,0.0,0.0,-72.67101,19.864521,33.65518,-48.745216,13.756462,0.0,0.0
204,10.301038,-0.46173334,-13.4070015,-19.92033,2.4359593,-12.253082,-4.2244096,10.675152,-44.148422,-21.348288,-20.049595,3.7487266,-6.979207,-11.804438,-15.980727,7.1109986,39.1219,86.989136,0.0,0.0,7.69811,-21.573063,8.825756,65.868645,82.551125,0.0,0.0,-139.83934,9.521789,-11.446425,29.507526,64.14594,189.2417,46.22123,-2.655155,-306.50705,-176.24098,-15.364987,-19.404465,24.809473,24.085918,-12.792528,-15.575127,38.730907,-10.103171,0.0,0.0,-74.180244,17.48014,36.90785,-49.115448,14.793076,0.0,0.0
205,9.03268,-0.39318153,-13.509247,-19.71597,3.1530318,-10.345469,-3.7531474,10.680694,-47.033974,-22.679277,-20.128002,3.5604312,-6.774118,-11.57719,-16.134827,6.985794,39.57636,86.711784,0.0,0.0,6.9640956,-21.426168,9.25301,65.377884,82.51379,0.0,0.0,-125.99663,6.7768145,-8.65844,25.456848,67.24759,199.25601,46.430473,-11.274615,-289.69006,-51.29371,-4.80248,-20.491777,25.458052,21.35837,-18.626623,-11.572274,50.923046,-9.704349,0.0,0.0,-77.05067,16.600786,36.020844,-49.576736,17.080652,0.0,0.0
206,7.9245224,-0.33092314,-13.607612,-19.57202,3.8886573,-8.246915,-3.3127177,10.564604,-49.90656,-22.108797,-20.104652,3.3800023,-6.5652003,-11.345717,-16.347612,6.9029098,40.1092,86.95999,0.0,0.0,6.215255,-21.300438,9.675091,64.90344,82.88216,0.0,0.0,-114.279785,4.8556137,-4.0078945,23.701323,68.14081,206.94383,45.779503,-24.568356,-269.7618,64.10641,4.1250505,-21.97598,28.93907,19.490824,-24.493624,-7.4828544,61.335533,-6.414815,0.0,0.0,-81.14927,17.32835,30.885363,-50.63655,20.00286,0.0,0.0
207,6.9138417,-0.28201503,-13.650016,-19.425356,4.6081963,-6.0604134,-2.883635,10.264868,-52.61996,-20.239464,-20.000807,3.1789255,-6.292749,-11.136787,-16.622507,6.8603253,40.747852,87.285065,0.0,0.0,5.405757,-21.150057,9.998468,64.41824,83.347496,0.0,0.0,-106.15169,3.4214907,1.9165311,25.416456,66.45317,210.4568,44.76211,-40.015755,-244.36153,153.60426,10.607229,-24.067787,34.282772,18.846004,-29.836468,-3.8567245,69.590744,-4.3492045,0.0,0.0,-85.85865,18.800724,23.390486,-52.142357,20.931398,0.0,0.0
208,5.933241,-0.2553405,-13.583547,-19.208755,5.2786508,-3.902766,-2.4432812,9.727567,-55.00472,-17.784864,-19.839643,2.9272728,-5.8989778,-10.977908,-16.961172,6.8550386,41.520523,87.182106,0.0,0.0,4.4909053,-20.930437,10.134974,63.893322,83.5539,0.0,0.0,-102.655556,2.116102,8.520077,31.293442,62.127472,208.05882,43.85202,-54.92598,-211.16364,202.5208,13.985616,-26.899622,40.35503,19.790964,-34.11434,-1.1650987,75.326416,-7.513477,0.0,0.0,-90.507935,20.05969,15.611068,-53.840763,17.395071,0.0,0.0
209,4.936961,-0.24744987,-13.419845,-18.882757,5.8837466,-1.8373867,-1.9956226,9.001445,-56.966824,-15.268083,-19.658192,2.6260056,-5.402054,-10.833244,-17.34481,6.872394,42.374332,86.724625,0.0,0.0,3.4959874,-20.664377,10.127295,63.33223,83.51236,0.0,0.0,-103.44903,0.83926755,15.041574,40.691,55.52001,200.05653,43.081837,-67.572556,-171.08768,212.43637,14.3808775,-30.14496,45.973225,22.344006,-37.113785,0.13367268,78.65424,-12.301888,0.0,0.0,-94.62402,20.665873,8.396602,-55.431503,12.0416975,0.0,0.0
210,3.8916533,-0.24710669,-13.211069,-18.42486,6.418374,0.10839647,-1.5609014,8.199097,-58.461575,-13.088891,-19.502035,2.2951968,-4.867486,-10.626675,-17.742197,6.8903837,43.206203,86.35132,0.0,0.0,2.4892607,-20.416956,10.1007185,62.758396,83.465675,0.0,0.0,-107.31892,-0.34763575,20.621439,52.139065,47.238987,188.03194,42.20435,-76.8501,-127.05027,195.18462,12.403458,-33.19102,49.929237,26.307386,-38.83017,-0.41134253,79.98747,-10.300121,0.0,0.0,-97.8635,20.508171,1.8127528,-56.585934,10.749477,0.0,0.0
211,2.7780457,-0.24779536,-12.992136,-17.825006,6.869851,1.9069742,-1.1524799,7.4010158,-59.46266,-11.499744,-19.402672,1.9506767,-4.3452716,-10.31436,-18.130817,6.8890343,43.956406,86.34364,0.0,0.0,1.5141032,-20.226927,10.12303,62.19003,83.58211,0.0,0.0,-112.932014,-1.4980469,24.676018,63.99363,38.2563,173.48329,41.12554,-82.30075,-81.827835,162.67892,8.827948,-35.640606,51.55926,31.16085,-39.38719,-2.8706665,80.07285,1.8630292,0.0,0.0,-100.26303,19.697683,-4.3646092,-57.051216,15.996671,0.0,0.0
212,1.5971447,-0.25464246,-12.752321,-17.096567,7.2135425,3.5529382,-0.7611471,6.5979586,-60.00435,-10.376744,-19.355494,1.593177,-3.83955,-9.928935,-18.514568,6.853817,44.681606,86.58654,0.0,0.0,0.5398832,-20.065084,10.120373,61.624798,83.84101,0.0,0.0,-118.75463,-2.9616113,27.357801,74.37374,30.299667,157.50215,40.118748,-85.1108,-37.22458,126.36471,4.7754006,-37.663452,51.5562,35.670532,-39.22848,-6.410549,80.45873,15.297608,0.0,0.0,-102.80587,18.863304,-11.106234,-56.772175,21.96187,0.0,0.0
213,0.35604888,-0.27485633,-12.476369,-16.25954,7.428732,5.04077,-0.37571692,5.770292,-60.125763,-9.54824,-19.350315,1.2215098,-3.3481214,-9.513201,-18.8999,6.772251,45.45,86.91125,0.0,0.0,-0.4715199,-19.89509,10.004596,61.059135,84.18798,0.0,0.0,-123.28929,-5.061883,28.865652,81.4845,25.109753,141.1555,39.464962,-86.57485,5.083604,97.01572,1.3679452,-39.45051,50.73207,38.617676,-38.8246,-10.083773,82.64751,20.185896,0.0,0.0,-106.50064,18.663363,-19.387604,-55.728497,22.201506,0.0,0.0
214,-0.92311805,-0.31985795,-12.169478,-15.362203,7.5701466,6.366611,0.008711692,4.9139357,-59.85404,-8.879307,-19.370447,0.8313919,-2.8625276,-9.094682,-19.286232,6.6464443,46.284206,87.18899,0.0,0.0,-1.5403217,-19.707275,9.76001,60.497787,84.49769,0.0,0.0,-125.83889,-7.3596487,28.82293,85.11655,23.1644,125.694916,38.906178,-86.69944,44.115963,78.39892,-0.85881895,-40.555565,49.091167,40.208588,-38.46388,-13.154687,86.32966,16.520428,0.0,0.0,-111.144066,19.232807,-29.133963,-53.994026,16.929657,0.0,0.0
215,-2.2103064,-0.4038133,-11.849444,-14.469567,7.7403893,7.529031,0.39351314,4.0336175,-59.207752,-8.25757,-19.39512,0.41611254,-2.3698075,-8.690714,-19.669008,6.4875345,47.179134,87.31654,0.0,0.0,-2.6768064,-19.50858,9.416239,59.950157,84.60032,0.0,0.0,-126.21252,-8.935012,26.486254,86.06371,24.14394,112.47246,37.841988,-84.67367,79.37325,69.84138,-1.7408738,-40.12862,46.1234,41.55205,-38.319263,-15.023541,90.054665,10.487791,0.0,0.0,-115.77216,20.37724,-39.619247,-51.69929,10.560872,0.0,0.0
216,-3.4760892,-0.5248874,-11.547154,-13.626285,8.00551,8.542025,0.7725921,3.152731,-58.218575,-7.5969143,-19.408997,-0.013140512,-1.8784341,-8.304617,-20.045752,6.3101544,48.121094,87.26503,0.0,0.0,-3.8768024,-19.30201,8.987952,59.429317,84.45339,0.0,0.0,-124.43974,-9.087326,21.691727,85.19127,27.285034,102.32516,35.806763,-80.16841,110.61864,69.847206,-1.2160742,-37.63653,41.707245,43.464355,-38.519184,-15.312062,92.71041,6.5474873,0.0,0.0,-119.62976,21.923172,-50.129696,-49.04983,6.1361065,0.0,0.0
217,-4.7089777,-0.64383423,-11.320358,-12.816251,8.344016,9.470829,1.1268811,2.3280613,-56.941456,-6.8659143,-19.410282,-0.40737396,-1.4423045,-7.901417,-20.423885,6.1349344,49.088142,87.18435,0.0,0.0,-5.1160746,-19.07798,8.447785,58.95015,84.322876,0.0,0.0,-121.06276,-7.681141,15.649042,83.50516,30.806795,94.68498,32.658752,-74.0153,138.66377,75.020325,0.5373818,-33.31654,36.63509,46.0401,-39.08768,-14.191529,94.08958,4.6909,0.0,0.0,-122.55122,23.77502,-60.139103,-46.399338,3.15267,0.0,0.0
218,-5.8982134,-0.7183279,-11.224068,-12.017153,8.721293,10.380816,1.4357768,1.6175371,-55.431744,-6.0448394,-19.398237,-0.71530265,-1.1163936,-7.4439306,-20.811308,5.982995,50.056152,87.234314,0.0,0.0,-6.36685,-18.826563,7.768215,58.52593,84.48393,0.0,0.0,-116.69012,-4.6841617,9.770997,81.977776,32.908054,88.782326,28.297264,-67.263466,164.41034,81.765335,3.3085842,-27.5363,31.844673,49.232517,-40.02326,-11.928231,94.137535,4.236625,0.0,0.0,-124.45887,25.834831,-69.10815,-44.13525,0.558828,0.0,0.0
219,-7.0371885,-0.73460776,-11.23138,-11.219201,9.102318,11.278245,1.69048,1.0192122,-53.70093,-5.143302,-19.362083,-0.9305214,-0.88273233,-6.925313,-21.21259,5.8681016,51.007305,87.39416,0.0,0.0,-7.6166415,-18.55089,6.983493,58.137146,84.80806,0.0,0.0,-111.85588,-0.3342769,5.4632764,81.00488,33.245754,83.61215,22.533884,-61.47717,188.77098,87.13944,6.886583,-20.867771,28.3548,52.616993,-41.203335,-9.000742,93.1052,4.179027,0.0,0.0,-125.38753,27.867558,-76.24361,-42.73946,-3.164835,0.0,0.0
220,-8.121942,-0.6969816,-11.263612,-10.420529,9.451863,12.131983,1.8896288,0.49322218,-51.732784,-4.1895294,-19.284708,-1.0750008,-0.6772325,-6.3579216,-21.630169,5.799352,51.927822,87.52899,0.0,0.0,-8.8626375,-18.262333,6.16687,57.743637,84.912025,0.0,0.0,-107.04684,4.9600353,4.124054,80.61709,32.399513,78.02183,15.125457,-58.54365,212.66406,88.615616,11.060004,-14.011267,27.23312,55.53064,-42.42869,-6.0217786,91.437004,3.3093333,0.0,0.0,-125.44348,29.551754,-80.59378,-42.751625,-9.82703,0.0,0.0
221,-9.155475,-0.6087211,-11.25454,-9.618339,9.752129,12.9147215,2.0227392,-0.0133426115,-49.513237,-3.2267601,-19.154072,-1.1656682,-0.44337282,-5.7578135,-22.065992,5.779653,52.8132,87.553345,0.0,0.0,-10.105004,-17.96644,5.3653603,57.31616,84.59863,0.0,0.0,-102.68244,10.8986025,6.233908,80.72788,31.021164,71.2505,6.044276,-59.47577,236.64714,84.55095,15.501108,-7.3880353,28.793457,57.542763,-43.485107,-3.558737,89.62134,1.0208963,0.0,0.0,-124.82029,30.663853,-81.85482,-44.10784,-19.238213,0.0,0.0
222,-10.150738,-0.4706052,-11.170059,-8.812575,10.025354,13.604768,2.0563731,-0.58000576,-47.049644,-2.3399715,-18.971558,-1.2057565,-0.14620239,-5.1532226,-22.517939,5.797241,53.67535,87.50495,0.0,0.0,-11.342523,-17.656395,4.566627,56.855457,84.130714,0.0,0.0,-99.04973,17.407848,10.045775,80.98123,29.91113,63.532455,-4.1538396,-63.15672,260.2515,75.45188,19.572622,-0.7863048,31.518995,58.778885,-44.11871,-2.079854,88.257126,-1.8189416,0.0,0.0,-123.923996,31.212942,-81.285194,-45.278828,-26.324682,0.0,0.0
223,-11.125409,-0.28159985,-10.98667,-8.000783,10.299851,14.187104,1.9580083,-1.2823471,-44.344296,-1.6113644,-18.741222,-1.1958641,0.24069926,-4.5688934,-22.983747,5.836108,54.53203,87.437096,0.0,0.0,-12.578475,-17.32444,3.749581,56.367115,83.81298,0.0,0.0,-96.377525,24.44966,13.612226,80.98964,29.824362,55.222347,-14.857911,-68.19191,282.93182,62.221676,22.640848,6.106211,33.72241,59.464867,-44.12312,-1.9171982,87.89283,-4.200151,0.0,0.0,-123.14645,31.256296,-80.29875,-44.652195,-25.883577,0.0,0.0
224,-12.083635,-0.028278092,-10.747112,-7.187725,10.591309,14.674017,1.736337,-2.0833542,-41.412987,-1.070278,-18.480955,-1.12487,0.6724338,-3.9992318,-23.445112,5.857758,55.396767,87.37232,0.0,0.0,-13.80886,-16.986937,2.931862,55.882328,83.673676,0.0,0.0,-94.675804,31.72384,16.322187,80.45053,30.829165,46.70531,-25.364878,-73.5524,303.81036,46.844936,24.404043,13.364204,34.754486,59.93397,-43.839348,-2.1567929,88.418175,-5.8377643,0.0,0.0,-122.39665,30.951479,-79.40311,-42.03578,-18.870218,0.0,0.0
225,-13.021838,0.31062767,-10.535911,-6.3821206,10.907669,15.095643,1.4262183,-2.8753529,-38.27848,-0.7118013,-18.217312,-0.9743564,1.0592916,-3.4190223,-23.873981,5.8096004,56.28108,87.31373,0.0,0.0,-15.026036,-16.675232,2.1548946,55.448116,83.566345,0.0,0.0,-93.81242,38.768307,18.411024,79.11517,32.558838,38.380985,-34.920048,-78.44055,321.8177,31.987892,24.77447,20.916534,34.623875,60.588535,-43.954777,-1.0961416,89.304726,-6.9065814,0.0,0.0,-121.278496,30.520756,-78.534874,-38.136574,-10.136371,0.0,0.0
226,-13.943804,0.74224526,-10.393707,-5.592705,11.25318,15.46733,1.0508907,-3.605419,-34.968178,-0.5123283,-17.970087,-0.7337779,1.3553183,-2.8108726,-24.264933,5.6889143,57.1889,87.25976,0.0,0.0,-16.225779,-16.401901,1.431303,55.0928,83.41628,0.0,0.0,-93.61627,45.000942,20.301945,76.78518,34.749878,30.634209,-42.84073,-82.26632,335.95303,19.849613,23.850079,28.479181,33.588997,61.598694,-44.898117,2.3883476,90.02192,-7.524002,0.0,0.0,-119.57166,30.233776,-77.70243,-33.663517,-2.6959596,0.0,0.0
227,-14.865281,1.2363614,-10.254831,-4.833269,11.621158,15.765816,0.60725296,-4.3503203,-31.54256,-0.40558994,-17.744087,-0.4135735,1.6197426,-2.1810133,-24.66484,5.614394,58.09994,87.19856,0.0,0.0,-17.40434,-16.135525,0.70819855,54.80128,83.32921,0.0,0.0,-93.8279,49.5179,22.825493,73.39863,37.388214,23.86339,-48.570816,-84.90727,345.30313,11.553371,22.17597,35.21197,32.492554,62.566074,-46.454815,7.969711,90.045845,-7.6487374,0.0,0.0,-117.50287,30.473223,-77.113846,-29.32655,4.9596815,0.0,0.0
228,-15.805622,1.759672,-10.042858,-4.114999,12.005867,15.967891,0.090174384,-5.198555,-28.053139,-0.32199022,-17.540476,-0.026874878,1.9226922,-1.537137,-25.125284,5.710637,58.995525,87.118225,0.0,0.0,-18.562954,-15.839793,-0.07329601,54.550957,83.425644,0.0,0.0,-94.164055,51.440804,26.761587,68.925095,40.486935,18.448133,-51.609917,-86.22309,349.0684,7.967567,20.33204,40.24445,32.168022,63.049904,-48.26673,15.0054245,88.862885,-7.215209,0.0,0.0,-115.313515,31.570229,-76.92489,-25.80054,14.670351,0.0,0.0
229,-16.760324,2.285218,-9.743179,-3.4498944,12.413776,16.096474,-0.46675172,-6.1205497,-24.555784,-0.23510735,-17.356253,0.40638238,2.2683294,-0.8936511,-25.64532,5.973985,59.871086,87.02531,0.0,0.0,-19.699799,-15.509427,-0.89591545,54.323982,83.7021,0.0,0.0,-94.22846,50.393166,31.557293,63.569168,43.847298,14.919632,-51.472855,-84.896545,346.8634,9.493265,18.59186,42.90904,32.428192,63.023483,-49.378098,21.53825,86.02145,-6.113583,0.0,0.0,-112.74947,33.104744,-76.41023,-23.586731,24.141752,0.0,0.0
230,-17.710526,2.7903416,-9.380155,-2.849835,12.859304,16.203949,-1.0057263,-7.0126905,-21.106632,-0.14552599,-17.185596,0.8620909,2.6193802,-0.26871282,-26.19108,6.3195734,60.73164,86.938034,0.0,0.0,-20.812033,-15.158556,-1.694862,54.105247,84.07647,0.0,0.0,-93.553406,46.321953,35.819206,57.682278,47.138103,13.897498,-47.6923,-78.871994,338.57788,16.223705,17.034784,42.67342,32.440556,62.7225,-48.45764,24.785393,81.110954,-4.2079144,0.0,0.0,-109.24249,34.182064,-74.28873,-23.07226,28.477701,0.0,0.0
231,-18.642422,3.248876,-8.977198,-2.3199124,13.349872,16.332817,-1.4774874,-7.794202,-17.76084,-0.023852633,-17.024252,1.310976,2.9495597,0.33249006,-26.722725,6.6643696,61.563694,86.87785,0.0,0.0,-21.89358,-14.800854,-2.4249744,53.879196,84.46,0.0,0.0,-91.78035,39.383976,38.542965,51.47518,50.043438,15.630337,-40.219063,-66.90099,324.2543,27.7858,15.691498,39.305305,31.666344,62.309345,-44.823826,23.310398,74.06024,-1.7384076,0.0,0.0,-104.36317,34.17618,-69.944305,-24.364815,24.972418,0.0,0.0
232,-19.54884,3.6231415,-8.556688,-1.852246,13.872445,16.49982,-1.8512745,-8.43715,-14.592974,0.23154686,-16.872871,1.708562,3.258463,0.93219155,-27.183876,6.9306,62.303535,86.87388,0.0,0.0,-22.92354,-14.450557,-3.0854685,53.63062,84.74841,0.0,0.0,-88.83024,30.280062,39.677322,44.856182,52.270947,19.453945,-30.065832,-49.795986,304.39935,42.610638,14.491391,33.317577,30.30458,61.76308,-39.401745,18.966015,65.66363,0.13180894,0.0,0.0,-98.063126,33.127834,-64.41497,-26.89205,16.326988,0.0,0.0
233,-20.426722,3.8783329,-8.138823,-1.4364805,14.413182,16.717985,-2.102459,-8.920846,-11.664655,0.72413605,-16.732141,2.0127704,3.5504892,1.5558356,-27.5242,7.0519233,62.89087,86.94829,0.0,0.0,-23.883636,-14.120084,-3.6851916,53.34455,84.84595,0.0,0.0,-84.666046,19.781744,39.362244,37.659313,53.560448,24.583794,-18.392704,-28.763056,279.54803,58.889725,13.348268,25.350063,28.651686,61.018517,-33.317905,14.012865,56.800415,0.20972054,0.0,0.0,-90.354195,31.179508,-58.887936,-30.003954,5.925677,0.0,0.0
234,-21.262915,4.0081716,-7.7404814,-1.082008,14.959343,16.995434,-2.2211416,-9.179333,-9.023241,1.4535439,-16.602901,2.2114081,3.825087,2.1904216,-27.762535,7.064697,63.34647,87.03624,0.0,0.0,-24.756784,-13.817976,-4.2320604,53.018917,84.75872,0.0,0.0,-79.33921,8.88461,38.17103,29.68046,53.828236,30.317423,-6.614876,-6.58784,250.4504,73.53932,12.234015,16.389698,26.912895,59.834312,-27.475666,9.918336,48.211475,-1.6324985,0.0,0.0,-81.52321,28.508797,-53.69652,-33.2444,-3.9604418,0.0,0.0
235,-22.038628,4.024813,-7.3761115,-0.8102667,15.499257,17.33724,-2.2071853,-9.118932,-6.704401,2.3536792,-16.485952,2.3115537,4.078849,2.7991385,-27.961832,7.0704074,63.742928,87.01797,0.0,0.0,-25.52752,-13.550044,-4.733987,52.659634,84.55769,0.0,0.0,-72.956795,-1.2790959,36.95322,20.68745,53.104885,36.004818,3.6968033,12.953682,217.98293,82.68136,11.156092,7.640812,25.23515,57.858093,-22.634033,7.6465807,40.54427,-4.846509,0.0,0.0,-72.0278,25.316105,-48.631847,-36.280445,-11.766156,0.0,0.0
236,-22.739355,3.943594,-7.0476484,-0.63917977,16.022757,17.740828,-2.0754642,-8.727114,-4.730577,3.3266778,-16.381407,2.3238034,4.3117037,3.3570325,-28.16363,7.134327,64.12517,86.84696,0.0,0.0,-26.187578,-13.319897,-5.1961403,52.27387,84.31852,0.0,0.0,-65.800934,-9.814417,36.368736,10.670782,51.48263,41.058235,11.368074,26.680248,182.77637,84.02787,10.104053,0.08287794,23.665329,54.958008,-19.142494,7.5528355,34.103035,-8.728669,0.0,0.0,-62.350636,21.854187,-43.634323,-38.832676,-16.483086,0.0,0.0
237,-23.361841,3.7865674,-6.726631,-0.5777533,16.523844,18.185894,-1.8763256,-8.186904,-3.0910513,4.201687,-16.2876,2.2663777,4.5319834,3.8691735,-28.356531,7.2322793,64.46991,86.6549,0.0,0.0,-26.746557,-13.12573,-5.6175847,51.870987,84.1255,0.0,0.0,-58.564102,-16.409035,36.61177,0.14471002,49.194584,45.041737,16.188553,32.88095,144.81792,79.13657,9.021693,-5.8598394,22.009718,51.53241,-16.367765,8.548282,28.363174,-12.231092,0.0,0.0,-53.017075,18.496962,-39.018894,-40.7476,-18.416136,0.0,0.0
238,-23.903284,3.5774355,-6.3830123,-0.63284326,16.995405,18.648966,-1.6640872,-7.704127,-1.7810832,4.8136725,-16.203173,2.159271,4.7471256,4.343033,-28.521591,7.3292365,64.744835,86.58246,0.0,0.0,-27.21478,-12.965304,-5.99498,51.461506,84.05167,0.0,0.0,-52.003853,-20.862148,37.738823,-10.266418,46.478394,47.5526,18.16513,30.476326,104.20632,69.94536,7.849276,-9.884153,20.04683,48.015636,-13.576165,9.358241,22.748333,-14.315399,0.0,0.0,-44.548347,15.611377,-35.13291,-41.89255,-18.07413,0.0,0.0
239,-24.376072,3.3392303,-6.0046334,-0.7996785,17.434216,19.121666,-1.4685937,-7.388561,-0.84421194,5.227049,-16.12883,2.0264823,4.9506435,4.786923,-28.651955,7.4215736,64.94501,86.56519,0.0,0.0,-27.606464,-12.8316345,-6.3275285,51.045982,84.018295,0.0,0.0,-46.582935,-23.5622,39.040417,-20.069141,43.2735,48.49391,18.364164,23.332254,61.569206,55.992336,6.512675,-12.402642,17.565054,44.196465,-10.416205,9.076148,17.21746,-14.795181,0.0,0.0,-36.906544,13.122922,-31.849012,-42.24709,-16.151836,0.0,0.0
240,-24.799906,3.0950227,-5.591806,-1.0664566,17.837698,19.60359,-1.3048369,-7.2909107,-0.36053833,5.647525,-16.066927,1.8946421,5.126469,5.2078,-28.74769,7.525107,65.08155,86.41014,0.0,0.0,-27.93618,-12.715467,-6.6145315,50.620136,83.851906,0.0,0.0,-42.60317,-25.244543,39.32365,-28.816242,39.338253,47.94625,18.501162,18.405802,18.003746,35.311428,4.9326158,-14.257246,14.365197,39.46752,-6.788267,7.0251474,12.088229,-14.00751,0.0,0.0,-29.733976,10.690442,-28.756884,-41.85429,-13.450422,0.0,0.0
241,-25.193346,2.8557906,-5.158114,-1.4182671,18.19985,20.089062,-1.1687939,-7.373889,-0.38094386,6.131457,-16.020273,1.7733098,5.2612524,5.599936,-28.805553,7.632005,65.16554,86.05953,0.0,0.0,-28.210253,-12.613298,-6.861623,50.187454,83.50677,0.0,0.0,-40.1607,-26.532036,37.706593,-36.285656,34.393223,45.868755,19.943806,20.681164,-24.289911,6.181846,3.0966334,-16.141527,10.439047,33.28128,-2.6923652,2.6959019,7.5872707,-11.782815,0.0,0.0,-22.698189,8.05167,-25.547083,-40.772797,-10.12497,0.0,0.0
242,-25.572338,2.6031086,-4.748137,-1.8335336,18.506708,20.559952,-1.0110548,-7.390725,-0.8856243,6.370571,-15.992701,1.6306893,5.348607,5.9274683,-28.814074,7.676811,65.20741,85.78551,0.0,0.0,-28.415283,-12.535474,-7.0899215,49.769806,83.24797,0.0,0.0,-38.862408,-27.76499,34.06801,-42.802147,28.066372,41.915363,23.203508,30.295528,-60.5133,-32.52336,1.1508204,-18.378597,6.2322626,25.238262,1.6466227,-4.036483,3.7045515,-6.7043414,0.0,0.0,-15.531073,5.1406264,-22.159481,-39.09384,-4.764,0.0,0.0
243,-25.950144,2.3175094,-4.4098625,-2.2901773,18.741966,20.993332,-0.77944964,-7.084126,-1.829389,6.0230007,-15.987989,1.4329566,5.383954,6.1504765,-28.762339,7.5910387,65.21708,85.87713,0.0,0.0,-28.535545,-12.493844,-7.318679,49.391365,83.355415,0.0,0.0,-38.221436,-29.233437,28.478071,-48.76865,19.979235,35.837273,28.577148,46.379074,-85.78493,-81.06096,-0.7217566,-21.21359,2.2549455,15.057679,5.971008,-13.12674,0.37898666,2.3645027,0.0,0.0,-8.016328,1.9382554,-18.55444,-36.95368,3.8254104,0.0,0.0
244,-26.331701,2.0049288,-4.1586742,-2.7917366,18.890068,21.354925,-0.45907038,-6.4293385,-3.0250413,4.986685,-16.006453,1.1856997,5.3753643,6.248627,-28.659765,7.3702536,65.201775,86.25014,0.0,0.0,-28.571095,-12.490628,-7.5306587,49.051857,83.74486,0.0,0.0,-37.456112,-31.184645,21.719528,-54.858307,9.52989,28.798512,35.5245,65.25396,-100.31624,-132.71191,-2.277546,-24.732449,-1.2139775,3.1658647,10.234677,-23.578419,-2.8119092,11.557268,0.0,0.0,-0.080238156,-1.5094787,-14.347945,-34.85986,12.005094,0.0,0.0
245,-26.7153,1.6881765,-3.9908335,-3.3565357,18.934746,21.601696,-0.05905728,-5.54829,-4.1945887,3.3100853,-16.046307,0.919822,5.338532,6.2127376,-28.52851,7.0502234,65.16673,86.58583,0.0,0.0,-28.531137,-12.522271,-7.684776,48.737064,84.10332,0.0,0.0,-35.604496,-33.834072,15.03609,-61.890663,-4.00362,22.866842,42.966873,81.44449,-107.403175,-176.22415,-3.2282884,-28.912695,-4.0268893,-9.537767,14.510106,-33.774002,-6.5043054,13.844344,0.0,0.0,8.235666,-5.105339,-8.951831,-33.558765,13.080512,0.0,0.0
246,-27.087519,1.3728085,-3.896661,-4.0043826,18.845112,21.726082,0.41302204,-4.553063,-5.1739407,1.1210392,-16.101112,0.64689076,5.283975,6.040916,-28.378815,6.6591654,65.106186,86.6749,0.0,0.0,-28.419024,-12.586497,-7.752672,48.431416,84.21439,0.0,0.0,-31.99494,-37.207832,9.463086,-70.400734,-21.12472,19.569832,49.95702,91.260124,-110.898674,-202.25795,-3.4366724,-33.60619,-6.0856795,-22.303066,18.89797,-42.715733,-11.138397,6.9045258,0.0,0.0,16.86495,-8.7062845,-2.371555,-33.33671,5.0002437,0.0,0.0
247,-27.407349,1.0217892,-3.8529027,-4.7590747,18.55462,21.806252,0.95499176,-3.525244,-6.077506,-1.2703484,-16.153366,0.33058235,5.209359,5.74794,-28.191587,6.2050166,64.98765,86.57981,0.0,0.0,-28.223349,-12.684485,-7.737427,48.11626,84.10239,0.0,0.0,-26.653414,-40.882217,5.5136423,-80.24605,-41.833797,19.102724,55.890556,95.374,-115.885315,-206.23367,-3.1294699,-38.372223,-7.4073005,-34.77141,23.568018,-50.929657,-16.681984,-0.14321265,0.0,0.0,25.696161,-12.064768,3.9586623,-33.3643,-3.0090997,0.0,0.0
248,-27.631792,0.597484,-3.8346865,-5.6400332,17.997114,21.928425,1.5612558,-2.5418782,-7.055086,-3.5231647,-16.185469,-0.06699062,5.112385,5.3508196,-27.9455,5.69266,64.77849,86.406685,0.0,0.0,-27.932365,-12.816962,-7.64888,47.776684,83.83798,0.0,0.0,-19.726503,-44.316574,3.5838966,-91.20387,-66.00638,21.29847,60.219425,95.117905,-127.055824,-184.98622,-2.6080651,-42.65686,-8.054591,-46.57325,28.625689,-58.98019,-23.01212,2.4783354,0.0,0.0,34.545414,-14.901906,8.47712,-32.680286,-1.0649658,0.0,0.0
249,-27.756414,0.110016674,-3.8199449,-6.6466703,17.15556,22.12978,2.2045615,-1.630191,-8.233651,-5.368274,-16.199894,-0.5364629,5.0089464,4.8492174,-27.633978,5.1043262,64.48329,86.29554,0.0,0.0,-27.545267,-12.9786825,-7.519605,47.430492,83.60824,0.0,0.0,-11.297875,-46.57516,3.4387808,-103.74811,-93.94565,24.108406,62.737354,92.14724,-142.84569,-143.48361,-2.3911738,-45.340816,-8.474644,-57.149944,33.55397,-65.701584,-30.034672,12.510795,0.0,0.0,42.902378,-16.916742,10.8697,-30.701746,8.879471,0.0,0.0
250,-27.799898,-0.39911315,-3.788584,-7.7632737,16.044693,22.4161,2.8421566,-0.78952444,-9.72229,-6.5737658,-16.211597,-1.0375245,4.9266148,4.2328157,-27.26042,4.409618,64.13043,86.40778,0.0,0.0,-27.068787,-13.160303,-7.396473,47.11727,83.67354,0.0,0.0,-1.4279953,-46.461105,4.4595113,-118.759346,-126.15485,24.30033,63.4321,88.301346,-157.72382,-91.79458,-3.1352572,-44.93224,-9.3517685,-65.77891,37.42748,-68.807915,-37.65551,20.128141,0.0,0.0,50.019875,-17.7822,11.586066,-27.084661,17.432547,0.0,0.0
251,-27.766832,-0.88850284,-3.7270014,-8.997552,14.6563835,22.754961,3.4465494,-0.005553996,-11.532623,-7.030117,-16.236248,-1.5240297,4.871462,3.5094368,-26.83867,3.6244528,63.732464,86.787224,0.0,0.0,-26.516628,-13.350106,-7.306316,46.867485,84.11965,0.0,0.0,10.031862,-43.38044,5.9002566,-137.03563,-162.90845,19.352396,62.404156,84.85801,-167.07365,-38.603844,-5.316856,-40.66301,-11.219226,-71.84298,39.768505,-67.04769,-45.95067,18.830658,0.0,0.0,55.401176,-17.240297,10.706065,-21.606749,18.24472,0.0,0.0
252,-27.627018,-1.3181602,-3.6371315,-10.41408,12.926295,23.023232,4.027515,0.767808,-13.442482,-6.920652,-16.29077,-1.9369596,4.7974095,2.7309248,-26.40732,2.8766446,63.262997,87.19415,0.0,0.0,-25.918987,-13.53081,-7.227219,46.688866,84.60978,0.0,0.0,23.732475,-38.19897,6.7244225,-159.16069,-203.92236,8.496348,60.017567,81.73703,-168.62856,10.92739,-8.974543,-33.51955,-14.237898,-74.98431,41.19137,-61.6996,-55.40523,10.406865,0.0,0.0,59.160576,-15.200063,7.390733,-14.329439,12.566311,0.0,0.0
253,-27.344486,-1.652387,-3.5251682,-12.085482,10.780893,23.09129,4.5989847,1.5763415,-15.210885,-6.4602056,-16.392054,-2.2208235,4.6540794,1.952739,-26.003736,2.2979307,62.68983,87.36516,0.0,0.0,-25.305979,-13.68462,-7.1364665,46.586517,84.77552,0.0,0.0,40.32537,-31.944471,5.9753113,-185.58746,-248.70488,-8.639031,56.596478,78.60851,-160.68216,52.374992,-14.058062,-24.708593,-18.44442,-74.9556,42.423016,-54.372196,-66.46884,-2.0915568,0.0,0.0,61.505066,-11.627228,0.75482,-5.33754,2.836779,0.0,0.0
254,-26.88207,-1.8968813,-3.421766,-14.049253,8.177101,22.908398,5.1497793,2.3946483,-16.745283,-5.7415895,-16.552345,-2.3779335,4.4327235,1.2111855,-25.616735,1.8858473,61.990665,87.241486,0.0,0.0,-24.690018,-13.79475,-7.085488,46.57487,84.59774,0.0,0.0,59.316803,-25.155931,4.1178555,-215.14731,-294.53195,-30.501291,51.638283,74.63426,-144.1772,83.14514,-20.141584,-15.166231,-23.005054,-72.35703,43.62032,-46.324974,-78.29774,-14.892991,0.0,0.0,62.641514,-6.926088,-8.931897,5.323158,-7.5201397,0.0,0.0
255,-26.200315,-2.0855434,-3.372282,-16.330442,5.078687,22.474363,5.6562214,3.1571355,-18.057909,-4.7775903,-16.781511,-2.448914,4.1501703,0.5256774,-25.202042,1.5494704,61.14623,86.89541,0.0,0.0,-24.068626,-13.846042,-7.1719594,46.673595,84.27966,0.0,0.0,79.58663,-18.023985,2.5127075,-245.8024,-337.53317,-54.42274,44.098423,68.63822,-121.688705,102.061356,-26.592026,-5.6025863,-26.56222,-68.32433,44.585857,-38.548878,-89.296524,-23.855284,0.0,0.0,62.79083,-1.757501,-20.705307,17.684158,-14.526281,0.0,0.0
256,-25.279285,-2.237833,-3.394686,-18.938013,1.5095539,21.793823,6.0886497,3.8150113,-19.144978,-3.624262,-17.082682,-2.4599717,3.829736,-0.09704893,-24.737839,1.2276672,60.161594,86.427025,0.0,0.0,-23.443157,-13.831492,-7.453935,46.90095,83.985725,0.0,0.0,100.07601,-10.576882,2.3609877,-275.46893,-373.03323,-77.91237,33.395233,59.958893,-95.81316,109.00056,-32.79304,3.4627955,-28.256832,-63.636932,45.095264,-31.435087,-98.2041,-26.653841,0.0,0.0,62.211517,3.1469119,-33.123135,31.50689,-16.255152,0.0,0.0
257,-24.145443,-2.3385932,-3.4402022,-21.84745,-2.3679574,20.881655,6.405249,4.363837,-19.96597,-2.4437644,-17.443098,-2.4022694,3.509044,-0.68252575,-24.256313,0.93222845,59.09873,85.99931,0.0,0.0,-22.822884,-13.764186,-7.8921585,47.271107,83.77997,0.0,0.0,119.94377,-2.447388,4.446511,-302.06024,-394.59662,-98.98981,20.071873,49.17572,-69.12692,106.46103,-38.18999,11.985379,-28.459885,-58.20168,44.876553,-23.922064,-104.623436,-25.383678,0.0,0.0,61.261246,6.9038005,-43.63451,45.925426,-15.7611475,0.0,0.0
258,-22.829235,-2.366994,-3.4511526,-25.029715,-6.3785977,19.755865,6.564457,4.80531,-20.482306,-1.4018465,-17.848555,-2.2624147,3.224021,-1.25704,-23.794817,0.68696976,58.022427,85.76737,0.0,0.0,-22.216612,-13.66088,-8.432758,47.79693,83.701065,0.0,0.0,138.44452,6.686411,9.335506,-323.56274,-395.6054,-115.84025,4.8891044,37.035812,-44.076294,97.3221,-42.236313,19.946608,-27.735416,-51.81415,43.68438,-14.816029,-108.314026,-22.628683,0.0,0.0,60.300583,8.66259,-49.699493,59.995266,-16.586706,0.0,0.0
259,-21.3529,-2.2958088,-3.3806882,-28.4028,-10.3615885,18.473991,6.5464525,5.1297264,-20.732292,-0.5441303,-18.28751,-2.037009,2.9719727,-1.7914364,-23.366814,0.5341038,56.953106,85.693886,0.0,0.0,-21.625135,-13.548494,-9.008628,48.47259,83.66822,0.0,0.0,155.24535,15.802417,15.713226,-338.46808,-370.4749,-127.41889,-10.526524,24.334406,-22.081137,84.604416,-44.315693,26.693886,-26.799768,-44.585075,41.684765,-4.026552,-109.32459,-19.18284,0.0,0.0,59.572956,8.186079,-50.692875,72.68915,-19.449083,0.0,0.0
260,-19.725637,-2.0941005,-3.189104,-31.870237,-14.1890135,17.111824,6.3462887,5.322864,-20.805977,0.16622478,-18.752502,-1.7282282,2.7240465,-2.2250006,-22.96785,0.52587014,55.87667,85.618416,0.0,0.0,-21.04054,-13.45971,-9.547644,49.283535,83.52481,0.0,0.0,170.38628,23.084064,21.104677,-345.722,-314.31253,-133.27422,-24.094164,11.823988,-3.7572868,71.35829,-43.79428,31.222715,-26.46007,-36.787483,39.29723,7.890682,-107.90962,-14.689457,0.0,0.0,59.2412,5.6375446,-47.242157,83.01447,-23.278875,0.0,0.0
261,-17.96107,-1.7654527,-2.8772848,-35.340538,-17.575062,15.737129,5.9819694,5.379439,-20.76697,0.7622055,-19.222368,-1.3540535,2.4605582,-2.5274043,-22.594366,0.6872535,54.796688,85.46389,0.0,0.0,-20.45563,-13.419965,-9.994683,50.202435,83.20064,0.0,0.0,183.88846,27.149576,23.436396,-344.7722,-227.52599,-133.52249,-34.203457,0.3429538,10.569565,60.04087,-40.40684,32.903793,-27.374296,-28.901615,36.911827,20.171246,-104.293884,-9.183851,0.0,0.0,59.399487,1.287,-40.218662,90.36543,-27.19596,0.0,0.0
262,-16.080149,-1.3968248,-2.5435786,-38.74411,-19.865137,14.394512,5.5268755,5.317363,-20.615366,1.2678828,-19.644035,-0.9699679,2.1839259,-2.7443774,-22.244164,0.97646236,53.757233,85.35727,0.0,0.0,-19.863379,-13.436769,-10.337242,51.173058,82.83585,0.0,0.0,195.7729,27.719654,21.655478,-336.3311,-123.282036,-129.68198,-40.43731,-9.097767,21.321724,51.66165,-34.790134,32.048954,-29.837107,-21.88178,34.83605,31.598291,-98.63823,-3.6804147,0.0,0.0,59.97687,-4.3452687,-31.05891,95.10958,-30.842299,0.0,0.0
263,-14.103322,-1.082209,-2.2952695,-42.016132,-20.42274,13.123091,5.0592628,5.159347,-20.345476,1.7075344,-19.963924,-0.63358253,1.8973016,-2.9292905,-21.914898,1.3452231,52.805363,85.437416,0.0,0.0,-19.257227,-13.514774,-10.570292,52.138954,82.58361,0.0,0.0,205.98616,24.7616,15.017387,-321.21716,-16.65618,-123.49042,-42.647556,-15.519941,29.06746,46.905457,-27.736074,29.160381,-34.02968,-16.702988,33.324127,40.973164,-91.114204,0.69211465,0.0,0.0,60.87541,-10.712187,-21.196648,97.75309,-33.993984,0.0,0.0
264,-12.030377,-0.85571927,-2.17795,-45.11291,-19.432875,11.936944,4.619544,4.943569,-19.991528,2.1232276,-20.176374,-0.36361578,1.5747476,-3.095222,-21.599833,1.7839596,51.95326,85.63698,0.0,0.0,-18.63492,-13.656305,-10.702577,53.09071,82.3927,0.0,0.0,213.63602,19.193039,4.560929,-299.3046,77.03858,-116.825806,-41.743465,-18.607853,34.788456,45.18815,-20.281494,25.323957,-39.458344,-13.779582,32.161552,48.069157,-82.11003,3.145932,0.0,0.0,61.968426,-17.389383,-11.074641,98.74908,-37.0822,0.0,0.0
265,-9.857366,-0.714365,-2.1984286,-47.990532,-17.60778,10.839367,4.2260036,4.719029,-19.614662,2.5664341,-20.305315,-0.1551947,1.1733856,-3.229014,-21.29084,2.3055816,51.19465,85.75692,0.0,0.0,-17.999704,-13.861522,-10.751047,54.044582,82.08322,0.0,0.0,217.26732,12.562651,-7.4933815,-269.97415,141.95491,-111.68391,-39.312893,-18.456726,39.705036,45.12478,-13.651312,22.013838,-45.17563,-13.180704,30.841305,53.246914,-72.1926,3.1043148,0.0,0.0,63.10643,-24.000084,-0.5529263,98.51389,-40.93545,0.0,0.0
266,-7.6061854,-0.6498127,-2.356589,-50.59212,-15.556648,9.810939,3.882838,4.5271025,-19.24406,3.063418,-20.376867,0.008119377,0.6719216,-3.3363547,-20.984762,2.9040813,50.526257,85.68674,0.0,0.0,-17.35245,-14.131472,-10.719373,55.01149,81.56043,0.0,0.0,215.86415,6.4253674,-19.295237,-233.1712,170.0432,-109.44254,-36.86773,-15.407832,44.796463,45.471043,-8.667137,20.488636,-50.299934,-14.937148,28.968822,56.734917,-61.751312,1.1804123,0.0,0.0,64.30221,-30.115316,10.1882,97.331184,-44.82383,0.0,0.0
267,-5.381877,-0.6447719,-2.6386278,-52.797703,-13.629677,8.79025,3.5657911,4.3926353,-18.834599,3.5753481,-20.419,0.166816,0.10468747,-3.4674978,-20.693605,3.5228229,49.96152,85.53148,0.0,0.0,-16.69441,-14.468112,-10.577448,55.978928,80.94081,0.0,0.0,209.40086,2.383032,-29.824675,-190.42513,171.0007,-110.06172,-35.71893,-10.34058,50.394665,45.37091,-5.2521024,21.515356,-54.069923,-19.035255,26.44213,58.34574,-50.832108,0.8104056,0.0,0.0,65.94852,-35.11037,20.07403,95.15449,-44.225094,0.0,0.0
268,-3.2955835,-0.6785294,-3.0268834,-54.487057,-12.111759,7.7129745,3.2464163,4.3358855,-18.333778,4.056644,-20.458002,0.36367393,-0.48657656,-3.6759484,-20.431046,4.1019692,49.514572,85.424164,0.0,0.0,-16.02593,-14.870752,-10.2965975,56.93082,80.37095,0.0,0.0,198.14397,1.8982223,-38.2219,-143.56433,156.91823,-113.193726,-37.0324,-4.2306743,56.66519,44.11027,-3.1705027,25.67301,-55.789116,-25.4094,23.206263,57.903847,-39.419823,5.490109,0.0,0.0,68.48802,-38.39637,28.019432,91.89762,-34.66384,0.0,0.0
269,-1.3905767,-0.70701176,-3.4836986,-55.63737,-10.978204,6.553028,2.896746,4.35309,-17.729467,4.4936466,-20.497458,0.62697774,-1.069128,-3.9776158,-20.204538,4.6298914,49.18098,85.45507,0.0,0.0,-15.336823,-15.307362,-9.920093,57.848904,79.985954,0.0,0.0,183.98691,4.785602,-44.04505,-95.14434,137.14906,-117.384605,-40.66563,1.7687699,62.959663,41.94178,-1.89902,32.242565,-55.285282,-33.496223,19.2482,56.046158,-27.382032,14.671347,0.0,0.0,72.298195,-40.107616,34.305378,87.56581,-18.521048,0.0,0.0
270,0.3247663,-0.6712512,-3.9566655,-56.28315,-10.012563,5.31389,2.4907203,4.4250684,-17.037981,4.8910804,-20.52638,0.9745503,-1.6133859,-4.3631325,-20.018593,5.1232877,48.94593,85.686874,0.0,0.0,-14.613279,-15.724128,-9.5385,58.709496,79.91488,0.0,0.0,169.9197,9.79708,-47.095444,-48.396614,119.39578,-120.46,-45.6267,6.367038,68.08591,39.741795,-0.7369339,39.649345,-52.724182,-42.37875,14.600789,53.932854,-14.567083,25.19313,0.0,0.0,77.69604,-40.831497,40.05252,82.243195,-2.6036084,0.0,0.0
271,1.871953,-0.5350764,-4.4102573,-56.47225,-9.047068,4.017549,2.0111198,4.528461,-16.284487,5.258933,-20.536095,1.4142337,-2.1020467,-4.828895,-19.880518,5.605174,48.812386,86.12349,0.0,0.0,-13.835437,-16.095486,-9.190861,59.499462,80.176056,0.0,0.0,158.0172,15.623074,-47.55884,-5.4838724,108.480644,-120.894615,-50.86833,8.88526,71.23733,38.148083,0.84623235,46.43727,-48.493816,-51.215687,9.58697,51.961998,-1.1821139,33.98367,0.0,0.0,84.69358,-41.12398,45.92502,76.17619,8.2701,0.0,0.0
272,3.3232923,-0.3172298,-4.845451,-56.269848,-8.049985,2.740996,1.4653219,4.630361,-15.520333,5.614637,-20.523603,1.9277854,-2.5411904,-5.3832426,-19.806871,6.1072598,48.83005,86.62875,0.0,0.0,-12.975936,-16.46013,-8.794401,60.221794,80.52643,0.0,0.0,148.25871,20.820492,-46.471386,33.528706,102.57478,-118.70486,-55.20734,10.056193,72.487785,37.22366,2.952341,51.401543,-43.50493,-59.27977,5.264431,48.69825,11.581594,38.191883,0.0,0.0,92.536545,-41.429417,51.393158,70.04064,14.062067,0.0,0.0
273,4.7524242,-0.045290958,-5.2686505,-55.740154,-7.012595,1.5627251,0.86609906,4.700861,-14.796264,5.9756665,-20.486605,2.4917126,-2.9401307,-6.033472,-19.810886,6.6538305,49.046776,87.05431,0.0,0.0,-12.009325,-16.862598,-8.258641,60.88269,80.70679,0.0,0.0,140.26233,23.997118,-44.857464,68.936165,98.90103,-114.2235,-57.480415,10.716725,72.096466,36.931293,5.6118536,53.42031,-38.662502,-65.90493,2.705621,42.61001,22.446411,35.362556,0.0,0.0,100.34952,-42.124077,55.752857,64.535805,15.544351,0.0,0.0
274,6.160656,0.24506283,-5.686484,-54.9035,-5.961371,0.48725238,0.24631262,4.760239,-14.112593,6.3470235,-20.420988,3.0667372,-3.3050234,-6.75542,-19.852993,7.169619,49.412407,87.34816,0.0,0.0,-10.944542,-17.305946,-7.6094546,61.496506,80.712524,0.0,0.0,133.06714,24.558916,-42.164707,101.55708,95.06838,-108.785126,-56.96954,10.50979,70.9406,37.060596,8.7619915,51.87857,-33.9239,-70.92001,1.9276462,34.132828,30.785511,27.145714,0.0,0.0,107.16371,-42.993374,58.303955,59.911118,14.665008,0.0,0.0
275,7.497192,0.5117203,-6.1037946,-53.756374,-4.949823,-0.52320296,-0.34566,4.860253,-13.440625,6.7241383,-20.321815,3.601,-3.638404,-7.501727,-19.85998,7.5141187,49.812912,87.51831,0.0,0.0,-9.817162,-17.7649,-6.9494896,62.08012,80.700714,0.0,0.0,125.377106,22.419594,-36.855026,132.40009,88.950485,-104.383064,-53.245804,8.32413,70.294266,37.290325,12.26608,46.495007,-28.667597,-74.4475,2.2794707,24.990765,36.351883,17.836449,0.0,0.0,111.92284,-43.444496,58.34062,56.15064,14.121363,0.0,0.0
276,8.728489,0.72140217,-6.502571,-52.297104,-4.028889,-1.5075319,-0.8691187,5.009367,-12.755848,7.103802,-20.184679,4.0497317,-3.9341836,-8.244259,-19.79366,7.6248045,50.175873,87.58685,0.0,0.0,-8.657593,-18.218784,-6.352461,62.64397,80.78405,0.0,0.0,116.394875,17.820316,-28.17123,162.33733,79.389885,-102.12382,-46.363518,3.7248209,70.897285,37.349365,15.929856,37.51427,-22.837303,-76.64842,3.1799848,16.685328,39.31444,10.53077,0.0,0.0,114.00151,-43.206684,55.658573,53.382275,15.27623,0.0,0.0
277,9.8499975,0.8592744,-6.8056626,-50.53718,-3.2530975,-2.4946625,-1.2960185,5.1102543,-12.051849,7.482688,-20.007042,4.3797145,-4.1618996,-8.994689,-19.7008,7.62347,50.527622,87.60416,0.0,0.0,-7.4935007,-18.654572,-5.8262157,63.176704,80.96239,0.0,0.0,106.60603,11.758983,-17.292366,191.57169,67.581085,-101.01525,-37.526173,-2.0706599,72.203316,37.089962,19.391977,26.440628,-17.804749,-77.711494,4.2513676,10.220036,40.73727,5.4253445,0.0,0.0,113.73958,-42.787975,51.228188,52.138813,16.266653,0.0,0.0
278,10.862118,0.9151339,-6.9344378,-48.489765,-2.670151,-3.509139,-1.6031026,5.0606036,-11.325197,7.8573937,-19.787746,4.562972,-4.293433,-9.768571,-19.635916,7.649179,50.90634,87.62128,0.0,0.0,-6.3512897,-19.062729,-5.367779,63.667953,81.21324,0.0,0.0,96.63621,5.2835712,-5.656256,220.19975,55.03779,-99.82961,-28.056257,-7.6321325,73.50489,36.398552,22.281027,14.902288,-15.060367,-77.82558,5.182161,6.3905225,41.74009,2.269854,0.0,0.0,111.62578,-42.772186,46.14976,52.95846,14.9339905,0.0,0.0
279,11.770003,0.8999608,-6.8915863,-46.166187,-2.2462761,-4.5400515,-1.7991048,4.8784685,-10.577449,8.223153,-19.538092,4.610617,-4.367357,-10.557501,-19.599186,7.727603,51.318935,87.64844,0.0,0.0,-5.2496758,-19.459787,-4.96266,64.15387,81.44902,0.0,0.0,86.56945,-1.2597184,5.5952134,248.16171,42.971554,-98.18436,-18.702648,-11.878759,74.41796,35.344067,24.384912,3.8265314,-15.062549,-77.1229,6.0782757,4.477989,42.556274,0.5994034,0.0,0.0,108.21087,-43.299046,41.026577,55.773464,11.15971,0.0,0.0
280,12.582752,0.8380428,-6.7311444,-43.573315,-1.8956918,-5.555229,-1.913138,4.6579804,-9.812406,8.574755,-19.276958,4.5584345,-4.4646654,-11.338825,-19.556267,7.8125563,51.752964,87.67006,0.0,0.0,-4.2012258,-19.879303,-4.5886483,64.70078,81.54108,0.0,0.0,76.13358,-7.978627,15.519627,275.32993,32.389774,-96.23165,-9.839239,-13.954435,74.764206,34.109688,25.593794,-6.316707,-17.617847,-75.698,7.3118334,2.801377,42.85693,-0.18735191,0.0,0.0,104.0794,-44.227283,36.140133,60.136856,6.113826,0.0,0.0
281,13.301174,0.7407581,-6.501064,-40.724823,-1.5708189,-6.5274367,-1.9661317,4.473912,-9.042357,8.908547,-19.01951,4.435204,-4.644209,-12.092134,-19.482832,7.865939,52.193035,87.67636,0.0,0.0,-3.2125192,-20.338655,-4.2357874,65.34674,81.43943,0.0,0.0,65.25905,-15.017526,23.366074,301.13232,24.088165,-94.334236,-1.6939062,-13.655725,74.510864,32.883213,25.873116,-15.292669,-22.090775,-73.773705,9.081816,0.15119465,42.423286,-0.56513476,0.0,0.0,99.74443,-45.27184,31.59872,65.37876,1.0385045,0.0,0.0
282,13.916062,0.5870446,-6.2304306,-37.61827,-1.3138677,-7.4548974,-1.9598258,4.3485184,-8.290335,9.229049,-18.768366,4.25107,-4.9109674,-12.812784,-19.379505,7.8730407,52.622837,87.672844,0.0,0.0,-2.2628765,-20.820868,-3.9192955,66.06736,81.28631,0.0,0.0,54.24719,-22.675367,28.962046,324.26996,18.227411,-93.31573,5.9536705,-12.366643,73.97171,31.842999,25.38009,-23.541964,-26.842472,-71.8641,11.175296,-3.5272086,41.327213,-0.7063441,0.0,0.0,95.49178,-45.824978,27.044676,70.36484,-2.7673883,0.0,0.0
283,14.416403,0.35211,-5.944486,-34.25835,-1.1729622,-8.34104,-1.8924011,4.29206,-7.57892,9.541334,-18.524937,4.011802,-5.2585363,-13.498793,-19.250618,7.823055,53.026527,87.6668,0.0,0.0,-1.3314613,-21.303375,-3.6578975,66.8288,81.239334,0.0,0.0,43.505764,-31.193312,32.176754,343.295,14.972896,-93.97898,13.32097,-11.572759,73.46753,31.174091,24.29363,-31.522888,-30.206524,-70.47872,13.328756,-8.086366,39.67881,-0.7321834,0.0,0.0,91.54501,-45.314697,22.15477,73.9885,-4.2275577,0.0,0.0
284,14.804451,0.02210141,-5.653828,-30.708044,-1.1058806,-9.226441,-1.7565038,4.261839,-6.8924665,9.850335,-18.292768,3.7041957,-5.642688,-14.167839,-19.100203,7.71223,53.403694,87.66108,0.0,0.0,-0.41985044,-21.765888,-3.4603844,67.60473,81.31289,0.0,0.0,33.826694,-40.029095,32.598415,356.83325,15.378952,-96.08154,20.025412,-11.318488,72.83079,31.129139,22.750113,-38.976246,-31.915352,-69.56437,15.4136,-13.042499,37.54792,-0.7081371,0.0,0.0,87.720215,-44.131866,17.676687,76.31353,-4.9875875,0.0,0.0
285,15.091203,-0.41044465,-5.359454,-27.062824,-1.0129265,-10.176366,-1.5410024,4.1815376,-6.1902585,10.161284,-18.076506,3.3025181,-5.995679,-14.850876,-18.93188,7.5410733,53.764133,87.65564,0.0,0.0,0.4572013,-22.190098,-3.329059,68.374565,81.430466,0.0,0.0,26.23726,-48.15203,29.631289,363.56207,21.07039,-98.72094,25.308811,-10.732951,71.58188,32.005096,20.856234,-45.19386,-32.589413,-68.70957,17.389202,-17.704294,34.97546,-0.66421723,0.0,0.0,83.57024,-43.2766,15.033811,78.14782,-8.420141,0.0,0.0
286,15.297678,-0.93939596,-5.079788,-23.420444,-0.8054324,-11.217185,-1.251112,4.020978,-5.459111,10.480862,-17.880241,2.8044403,-6.282774,-15.557234,-18.748999,7.318676,54.10834,87.6502,0.0,0.0,1.2835336,-22.575153,-3.24565,69.12938,81.48923,0.0,0.0,21.511497,-54.434734,22.78471,362.55438,32.256107,-101.05413,28.387707,-9.148005,69.23491,33.98285,18.664547,-49.400196,-32.777805,-67.54055,19.212286,-21.579588,32.014618,-0.6138554,0.0,0.0,78.900925,-43.310577,14.896022,80.009514,-15.540257,0.0,0.0
287,15.4721155,-1.5316473,-4.8718567,-19.836935,-0.42254683,-12.292552,-0.9287712,3.8614028,-4.744318,10.82309,-17.703999,2.2593646,-6.554088,-16.252205,-18.552105,7.0724096,54.41856,87.64392,0.0,0.0,2.0510888,-22.96744,-3.141066,69.897736,81.32812,0.0,0.0,19.70948,-57.63965,11.789295,353.9138,45.789135,-102.442314,28.499142,-6.412953,65.28586,36.973427,16.074236,-50.7536,-32.82979,-65.77829,20.854567,-24.723026,28.716562,-0.5313195,0.0,0.0,74.085815,-43.704536,16.059797,81.7116,-21.662603,0.0,0.0
288,15.663515,-2.1486862,-4.7976484,-16.369421,0.18320866,-13.337042,-0.6210986,3.793368,-4.0982447,11.202083,-17.548319,1.7235012,-6.8665886,-16.896765,-18.341627,6.8296304,54.67582,87.63609,0.0,0.0,2.753104,-23.413822,-2.9475324,70.709236,80.810104,0.0,0.0,20.780762,-56.585213,-3.5813737,337.84906,58.245358,-102.32545,24.94038,-2.5001428,59.281967,40.83133,12.982881,-48.461597,-33.03072,-63.176823,22.281084,-27.248108,25.131186,-0.39149997,0.0,0.0,69.569595,-43.78604,17.110641,82.92848,-21.700697,0.0,0.0
289,15.890294,-2.7434971,-4.9050903,-13.084763,0.9550395,-14.338781,-0.36897463,3.8258712,-3.5419905,11.626811,-17.422022,1.2366691,-7.2206416,-17.489986,-18.117958,6.58397,54.885403,87.62808,0.0,0.0,3.4018462,-23.896498,-2.6941879,71.55766,80.17117,0.0,0.0,24.440754,-51.08374,-23.465488,314.2318,68.733475,-100.75001,17.779625,2.0906966,51.365074,45.229137,9.491082,-42.53934,-33.293064,-59.691124,23.396587,-29.120497,21.249174,-0.24110334,0.0,0.0,65.577255,-43.057384,17.29864,82.97663,-15.585323,0.0,0.0
290,16.151848,-3.2642496,-5.2337017,-10.052487,1.7710756,-15.321039,-0.20918109,3.9163022,-3.0763028,12.103586,-17.339083,0.8278394,-7.5811534,-18.055748,-17.881182,6.3073435,55.068142,87.62261,0.0,0.0,4.0223813,-24.357191,-2.471347,72.41514,79.88331,0.0,0.0,30.263891,-41.566326,-47.97652,282.6785,77.98132,-98.14337,7.561437,6.5313077,42.042328,49.72939,5.823918,-33.502872,-33.292934,-55.39783,24.068027,-30.212366,17.017988,-0.17247914,0.0,0.0,62.189888,-41.129375,16.294397,80.94284,-6.419792,0.0,0.0
291,16.45715,-3.661584,-5.811891,-7.3587437,2.547393,-16.291992,-0.17395791,4.0307693,-2.7054262,12.631588,-17.30606,0.5259596,-7.921697,-18.60166,-17.634869,5.9902506,55.231247,87.62109,0.0,0.0,4.6288056,-24.755127,-2.3341289,73.24645,80.17054,0.0,0.0,37.61576,-29.068495,-76.687805,243.53448,86.92461,-94.833275,-4.7802405,10.348354,31.815382,53.892166,2.2524612,-22.212711,-32.89733,-50.32699,24.156918,-30.25227,12.324293,-0.29616952,0.0,0.0,59.291805,-37.88361,14.017897,76.4219,2.6874125,0.0,0.0
292,16.84223,-3.8988545,-6.645861,-5.0916386,3.304403,-17.234388,-0.28276327,4.15963,-2.437053,13.198943,-17.310436,0.35521558,-8.242661,-19.102236,-17.388021,5.665308,55.35076,87.62166,0.0,0.0,5.2160087,-25.099064,-2.247648,74.01042,80.646996,0.0,0.0,45.44094,-15.932023,-108.184906,198.50807,97.04936,-90.85835,-17.525185,13.992354,21.039536,57.333416,-0.8929881,-10.22149,-32.442036,-44.33727,23.521511,-28.640202,6.857108,-0.76368654,0.0,0.0,56.257442,-33.82465,10.960036,70.21431,8.8627825,0.0,0.0
293,17.342138,-3.9467785,-7.743911,-3.3388283,4.0833526,-18.126657,-0.5496115,4.298471,-2.2796926,13.791416,-17.337612,0.3360536,-8.548379,-19.527605,-17.150883,5.370789,55.399345,87.62122,0.0,0.0,5.774453,-25.403214,-2.1682568,74.66765,80.87367,0.0,0.0,52.601593,-4.6260433,-140.57692,149.5932,109.44415,-86.2424,-28.874733,18.0236,10.074392,59.691692,-3.2819417,0.8391329,-32.30048,-37.31718,22.036283,-24.784151,0.3257936,-1.7225913,0.0,0.0,52.434155,-29.522583,7.6709533,63.273693,9.513641,0.0,0.0
294,17.940355,-3.8497548,-9.1799965,-2.1165447,5.0042152,-18.960537,-0.94392705,4.4632993,-2.2353442,14.395519,-17.379251,0.44544825,-8.850468,-19.864902,-16.934038,5.13357,55.3672,87.60845,0.0,0.0,6.288974,-25.670408,-2.098276,75.22598,80.81797,0.0,0.0,57.829113,3.280016,-168.66266,99.18379,119.94771,-81.278145,-37.637516,22.79716,-0.6040549,60.86011,-4.753925,9.756292,-32.492405,-29.7016,19.78325,-18.761633,-7.07969,-3.2044775,0.0,0.0,47.641773,-25.222153,4.4091954,56.255226,5.0201015,0.0,0.0
295,18.587616,-3.6989033,-11.069187,-1.395669,6.236349,-19.736233,-1.4068543,4.683062,-2.3018537,14.998242,-17.430977,0.6327898,-9.165143,-20.112085,-16.74828,4.9732804,55.25564,87.5668,0.0,0.0,6.7408533,-25.896263,-2.0691524,75.723236,80.705,0.0,0.0,59.7742,6.79095,-185.14728,49.92677,121.06993,-76.42846,-43.0096,28.536547,-10.44642,60.893032,-5.2564573,15.585065,-32.81289,-22.271414,16.976112,-11.075273,-14.864746,-5.1666965,0.0,0.0,41.999817,-20.961391,1.2476879,49.624138,-2.3509138,0.0,0.0
296,19.233112,-3.5719903,-13.355059,-1.1411294,7.7695336,-20.459087,-1.8864604,4.9817376,-2.4715807,15.589851,-17.486637,0.8498149,-9.500993,-20.274654,-16.599636,4.9046135,55.064903,87.49336,0.0,0.0,7.118865,-26.078802,-2.0967052,76.18488,80.67365,0.0,0.0,57.80151,5.902741,-185.02885,4.1149178,106.294754,-71.97781,-44.808556,35.066685,-19.064123,59.728954,-4.7632623,18.04958,-32.999336,-15.566278,13.817667,-2.263724,-22.667198,-7.36987,0.0,0.0,35.548435,-16.706017,-1.9163501,43.666527,-10.334436,0.0,0.0
297,19.819332,-3.513515,-15.54987,-1.305953,9.147542,-21.141869,-2.3454278,5.36867,-2.722466,16.164602,-17.53527,1.0535082,-9.845759,-20.375002,-16.48355,4.930891,54.7936,87.418945,0.0,0.0,7.427655,-26.221,-2.157612,76.602486,80.64475,0.0,0.0,53.023174,2.9962409,-168.95662,-36.528904,71.71761,-67.80208,-44.332466,41.211014,-26.405293,57.03079,-3.3124814,18.469053,-32.6577,-9.5729,10.500806,7.0034695,-30.404745,-9.087777,0.0,0.0,28.168951,-12.28327,-5.5816526,38.28131,-16.689684,0.0,0.0
298,20.296358,-3.5558736,-17.152908,-1.8415357,9.881585,-21.799583,-2.754356,5.848556,-3.0324714,16.71777,-17.565672,1.2074957,-10.185421,-20.436735,-16.393929,5.0530844,54.439808,87.37309,0.0,0.0,7.674109,-26.326328,-2.22653,76.96525,80.51504,0.0,0.0,46.762947,0.6991717,-138.72495,-70.52138,14.659382,-63.680412,-43.04359,45.74865,-32.546074,52.416473,-0.9617129,18.34945,-31.406359,-4.1539836,7.2022667,16.074724,-38.05861,-9.618968,0.0,0.0,19.705559,-7.4965734,-10.287271,33.283047,-19.359146,0.0,0.0
299,20.679522,-3.6567392,-18.12397,-2.7154984,9.781822,-22.424675,-3.125399,6.3838744,-3.39604,17.220339,-17.569149,1.3310361,-10.504433,-20.460718,-16.332624,5.268553,54.007072,87.31826,0.0,0.0,7.8449817,-26.386324,-2.319551,77.26942,80.27427,0.0,0.0,39.903473,0.49099624,-99.56513,-95.8552,-57.451103,-59.197357,-41.69214,48.30499,-38.022064,45.49969,2.100195,18.518085,-29.209648,0.97619927,4.086921,24.288544,-45.479095,-9.244272,0.0,0.0,10.155686,-2.3167524,-16.218296,28.471712,-17.908125,0.0,0.0
300,21.025955,-3.7263231,-18.716482,-3.9051387,8.849423,-22.995852,-3.4974046,6.9105763,-3.8181713,17.62837,-17.538649,1.478787,-10.786549,-20.43354,-16.306377,5.57223,53.50228,87.174484,0.0,0.0,7.9145975,-26.385147,-2.4790282,77.51608,79.971306,0.0,0.0,33.047256,3.1206932,-58.89115,-110.23453,-130.77997,-53.81076,-40.578407,49.048466,-43.667904,35.890873,5.6006894,19.373983,-26.25199,6.202985,1.3096262,30.98506,-52.44076,-8.867231,0.0,0.0,-0.39020392,3.1825612,-23.33693,23.632866,-12.938472,0.0,0.0
301,21.362028,-3.698501,-19.092302,-5.3113165,7.131831,-23.497057,-3.8932152,7.3869114,-4.304877,17.905502,-17.469484,1.6832682,-11.021294,-20.346718,-16.315378,5.9456925,52.93402,86.93159,0.0,0.0,7.86421,-26.314245,-2.7362318,77.7086,79.69007,0.0,0.0,26.762177,8.566245,-22.49591,-113.529724,-193.32417,-47.111584,-39.797977,48.47245,-50.407818,23.136799,9.146434,21.105307,-22.792728,11.888089,-1.0239458,35.96086,-59.127502,-8.637236,0.0,0.0,-11.711413,8.98445,-31.418205,18.453836,-5.1447763,0.0,0.0
302,21.636026,-3.5664976,-19.178923,-6.6403723,4.7937613,-23.9222,-4.2933607,7.822939,-4.8608575,18.032684,-17.36316,1.9207362,-11.2107,-20.204866,-16.343681,6.335777,52.318653,86.751274,0.0,0.0,7.6928673,-26.183569,-3.0927615,77.85444,79.59857,0.0,0.0,21.583368,14.931385,7.5945525,-110.851234,-237.3596,-39.06389,-38.97408,47.83998,-59.323624,6.72164,12.03249,23.394566,-19.287325,18.293798,-2.9119928,40.084866,-66.670296,-6.8609605,0.0,0.0,-23.200308,15.173917,-39.738804,12.420434,4.5374036,0.0,0.0
303,21.79353,-3.3353217,-18.888897,-7.6092334,2.0197315,-24.267883,-4.6754823,8.239302,-5.495351,17.99242,-17.223162,2.1627574,-11.360289,-20.012283,-16.374594,6.6935234,51.666603,86.798645,0.0,0.0,7.4025874,-26.004128,-3.5452375,77.95991,79.850296,0.0,0.0,17.994822,20.176294,30.214905,-108.04176,-256.2635,-29.632938,-37.646053,48.37955,-71.548935,-13.966254,13.547564,25.85304,-16.136234,25.637064,-4.371998,44.283947,-76.20639,-1.8791121,0.0,0.0,-34.23808,21.867651,-47.541878,4.976354,15.079351,0.0,0.0
304,21.863169,-3.0449405,-18.337729,-8.310141,-0.89611936,-24.51942,-5.035967,8.666492,-6.2480626,17.7411,-17.068335,2.412086,-11.482488,-19.751534,-16.409492,7.057506,50.935417,87.002884,0.0,0.0,7.000981,-25.771034,-4.0715594,78.00138,80.30916,0.0,0.0,16.273294,23.500513,45.81963,-110.312164,-245.50102,-18.489462,-35.22729,49.672535,-88.235016,-39.92722,13.247648,28.047775,-12.957845,33.515106,-5.3491354,48.10133,-87.04129,4.4985104,0.0,0.0,-44.17077,29.090813,-54.126232,-4.331663,24.420687,0.0,0.0
305,21.926493,-2.7574556,-17.769754,-9.074373,-3.5910618,-24.655367,-5.38334,9.141559,-7.178402,17.21879,-16.927221,2.6913595,-11.594254,-19.391396,-16.461191,7.5219135,50.04878,87.14357,0.0,0.0,6.499232,-25.469305,-4.6379356,77.93651,80.65555,0.0,0.0,16.555262,24.894524,55.921196,-122.46494,-201.93677,-5.1134696,-31.051397,50.25468,-110.546486,-72.41545,10.861759,29.518682,-8.872124,41.136124,-5.744729,50.207153,-97.323875,8.267379,0.0,0.0,-52.33137,36.813984,-58.832172,-15.893991,29.856043,0.0,0.0
306,22.044188,-2.5131161,-17.320576,-10.168566,-5.6831245,-24.65197,-5.7090263,9.676961,-8.350424,16.36183,-16.825798,3.0078945,-11.695562,-18.921347,-16.532818,8.115534,48.980488,87.10323,0.0,0.0,5.9160995,-25.086035,-5.219912,77.73079,80.734436,0.0,0.0,17.859272,24.670198,61.934296,-145.03851,-128.77974,10.744348,-24.722599,48.61358,-138.85468,-112.23688,6.297101,29.785355,-3.1468008,47.749947,-5.4784007,49.472862,-105.44016,7.593982,0.0,0.0,-58.284767,44.7428,-61.067085,-29.694563,30.157671,0.0,0.0
307,22.224852,-2.2983227,-16.857777,-11.696305,-6.7470303,-24.479834,-5.9629517,10.226211,-9.840683,15.096361,-16.78346,3.3316524,-11.745251,-18.380636,-16.60377,8.70783,47.82512,87.01855,0.0,0.0,5.2876973,-24.613138,-5.816754,77.369,80.79524,0.0,0.0,16.506248,23.883835,64.99923,-168.3198,-44.396248,28.695627,-16.49024,43.151134,-171.65767,-159.1672,-0.12451929,28.316275,4.585361,52.726635,-4.514009,45.281925,-110.39682,5.968145,0.0,0.0,-62.159534,51.95351,-60.395912,-44.757454,27.68529,0.0,0.0
308,22.460218,-2.0928888,-16.227959,-13.705154,-6.4102407,-24.110739,-6.0917087,10.729517,-11.715951,13.351758,-16.817806,3.6265557,-11.697517,-17.816084,-16.651184,9.153408,46.692783,87.050964,0.0,0.0,4.652932,-24.047836,-6.4254527,76.841736,81.116104,0.0,0.0,8.612931,23.629557,66.06907,-181.44115,31.027475,48.156406,-6.779683,32.52352,-207.00038,-212.41722,-7.9792094,24.642298,14.4964,55.47177,-2.8494897,37.190807,-111.28034,7.2134066,0.0,0.0,-64.168724,57.41732,-56.411015,-59.921745,25.033754,0.0,0.0
309,22.646955,-1.8824613,-15.469009,-15.954609,-5.0187073,-23.530245,-6.0856776,11.101429,-13.983037,11.048862,-16.93528,3.8663065,-11.525333,-17.250349,-16.669937,9.434911,45.610928,87.211174,0.0,0.0,4.022934,-23.416739,-7.0055914,76.15487,81.62227,0.0,0.0,-7.54376,24.129969,64.54406,-178.83025,86.32077,68.25887,3.4728081,18.147614,-242.5219,-268.78122,-16.699566,19.010937,25.530647,55.820633,-0.7453673,25.642574,-107.25989,9.882962,0.0,0.0,-64.70481,60.31276,-48.701958,-74.26673,21.28174,0.0,0.0
310,22.620913,-1.6571691,-14.741549,-18.016762,-3.3684635,-22.733109,-5.9620204,11.238422,-16.605782,8.107407,-17.135489,4.029663,-11.213374,-16.692678,-16.665895,9.6138735,44.558796,87.41456,0.0,0.0,3.3934283,-22.766684,-7.4909387,75.325134,82.01536,0.0,0.0,-32.31242,25.057377,58.82925,-158.19322,115.74241,87.89384,12.980799,3.2062962,-275.49136,-323.36093,-25.605436,12.1276045,35.828777,53.86194,1.3684179,11.654591,-97.5377,9.201043,0.0,0.0,-64.25826,59.924225,-36.857525,-86.971504,13.292211,0.0,0.0
311,22.24705,-1.4103427,-14.162725,-19.567093,-2.0318131,-21.726952,-5.7437835,11.101016,-19.540304,4.53693,-17.41905,4.103364,-10.766012,-16.15697,-16.644157,9.714388,43.55757,87.582794,0.0,0.0,2.7622373,-22.14355,-7.8231044,74.37461,82.099304,0.0,0.0,-64.39272,25.917227,48.29064,-120.4898,118.35646,106.198654,20.987354,-9.164796,-303.5781,-371.47073,-33.899014,4.724012,43.73335,49.86243,3.0427563,-3.5345724,-82.02638,2.5883057,0.0,0.0,-63.22839,56.022915,-21.070757,-97.38164,0.15349235,0.0,0.0
312,21.461678,-1.1425393,-13.739659,-20.53858,-1.0226407,-20.54858,-5.4668136,10.804548,-22.729712,0.5588305,-17.789806,4.09313,-10.234024,-15.668328,-16.60752,9.666917,42.730785,87.65644,0.0,0.0,2.1320915,-21.589535,-7.9636297,73.33654,81.933266,0.0,0.0,-98.5982,25.832378,34.63394,-74.34738,104.5899,122.93362,28.034908,-16.015646,-325.4523,-409.03876,-40.509148,-2.4304883,48.107517,44.5014,3.7889056,-18.191256,-62.32548,-7.1176,0.0,0.0,-61.78857,49.541447,-2.9703367,-105.24794,-13.60486,0.0,0.0
313,20.226828,-0.8585815,-13.465774,-20.909435,-0.27526554,-19.240595,-5.16628,10.486554,-26.101955,-3.5736923,-18.246841,4.0087824,-9.67744,-15.253268,-16.559742,9.398286,42.209087,87.58146,0.0,0.0,1.5092542,-21.144705,-7.8809304,72.248764,81.61491,0.0,0.0,-129.16763,23.930668,19.96437,-29.453457,86.200935,137.90901,34.814613,-14.768472,-339.90643,-431.87097,-44.33712,-8.591695,48.034744,38.539455,3.1329489,-30.462713,-40.409496,-16.268059,0.0,0.0,-60.08181,41.619156,15.540172,-110.40538,-22.854313,0.0,0.0
314,18.63708,-0.58681136,-13.344922,-20.781242,0.2868029,-17.805147,-4.8343267,10.260438,-29.587746,-7.795041,-18.747778,3.8736627,-9.15733,-14.912348,-16.517675,8.948651,41.993427,87.33653,0.0,0.0,0.9020626,-20.805065,-7.5936136,71.13252,81.24051,0.0,0.0,-152.01419,20.035593,6.312417,7.6579804,70.120865,151.23833,41.845215,-7.0716,-346.4382,-435.08063,-44.73881,-13.707141,44.41725,32.699043,0.86834157,-38.67749,-18.703686,-21.60857,0.0,0.0,-58.2135,33.459507,32.73206,-113.31923,-25.497952,0.0,0.0
315,16.873415,-0.37139225,-13.389105,-20.329851,0.7431005,-16.222845,-4.4367642,10.225106,-33.108418,-12.144212,-19.222763,3.7195907,-8.737147,-14.631456,-16.506573,8.429997,42.005646,86.92102,0.0,0.0,0.32238594,-20.540743,-7.1514044,70.0022,80.90583,0.0,0.0,-163.99496,14.411817,-4.2940383,32.298298,60.255238,163.16713,49.5089,2.7782826,-344.91116,-413.1985,-41.33381,-18.136423,39.290634,27.696207,-3.0452936,-41.228,0.016347628,-20.107525,0.0,0.0,-56.27058,26.32663,46.925987,-114.823395,-21.314531,0.0,0.0
316,15.09837,-0.24536487,-13.573761,-19.73365,1.1795318,-14.497146,-3.9435492,10.414361,-36.57618,-16.49277,-19.61758,3.5581093,-8.4413395,-14.394493,-16.548092,7.9428844,42.16886,86.42599,0.0,0.0,-0.2249448,-20.325825,-6.601476,68.867546,80.69543,0.0,0.0,-163.83803,7.6959357,-10.601866,42.433525,58.507328,174.17238,57.590267,10.871955,-336.08615,-362.22852,-34.162735,-22.049192,34.402767,24.0792,-8.485132,-37.46574,13.975552,-11.109962,0.0,0.0,-54.519337,21.003563,57.07997,-115.4861,-11.608627,0.0,0.0
317,13.42473,-0.21435027,-13.786013,-19.17367,1.6979233,-12.685317,-3.334851,10.705805,-39.885345,-20.308073,-19.917093,3.351201,-8.199848,-14.180878,-16.65507,7.5571575,42.41264,86.16297,0.0,0.0,-0.752828,-20.144783,-5.9828434,67.72625,80.66695,0.0,0.0,-154.73424,1.3984373,-13.228428,42.35942,62.070824,185.2975,64.44341,14.338,-322.85706,-281.63434,-24.25866,-25.143597,30.75994,21.9902,-14.949197,-29.04146,23.836267,0.32507557,0.0,0.0,-53.65958,17.106081,63.693756,-115.21873,-1.283803,0.0,0.0
318,11.956344,-0.27639535,-13.909266,-18.81712,2.3889983,-10.850582,-2.6014485,10.95712,-42.9276,-23.006346,-20.110815,3.0604205,-7.934756,-13.970976,-16.837757,7.3340287,42.672165,86.43243,0.0,0.0,-1.2752278,-19.985298,-5.333582,66.57979,80.85811,0.0,0.0,-140.58015,-2.903542,-13.078173,37.282993,67.47796,197.48152,68.29279,10.722577,-308.23627,-172.87889,-12.84831,-27.065454,29.1875,21.494333,-21.836681,-18.04132,30.587505,8.62433,0.0,0.0,-54.413033,14.124138,67.40773,-113.83269,4.722196,0.0,0.0
319,10.699848,-0.38873765,-13.944248,-18.642021,3.2147977,-8.94649,-1.8080622,11.07772,-45.75114,-24.282974,-20.188845,2.716012,-7.6272593,-13.753651,-17.09735,7.270259,42.948383,87.024475,0.0,0.0,-1.8131353,-19.8459,-4.6647286,65.43955,81.12522,0.0,0.0,-125.26981,-4.6512346,-11.266066,32.0144,71.89093,210.0427,68.62305,0.7257037,-292.31747,-50.31347,-1.1946914,-27.801315,29.530188,22.374979,-28.377977,-7.1896687,35.264023,12.576255,0.0,0.0,-56.982285,11.909434,68.151375,-111.087875,7.6668887,0.0,0.0
320,9.6062975,-0.48298848,-13.96523,-18.508606,4.0541377,-6.863581,-1.0682343,11.008893,-48.491226,-23.996668,-20.140543,2.3923657,-7.296891,-13.523914,-17.428947,7.3231826,43.283035,87.407684,0.0,0.0,-2.3901095,-19.73263,-3.9724011,64.32727,81.21032,0.0,0.0,-112.71916,-3.9094033,-9.026523,31.10121,72.86434,221.23178,65.6929,-12.971469,-273.38705,63.290054,9.383103,-27.542969,31.026037,24.245571,-33.674866,0.36067194,38.891087,13.693332,0.0,0.0,-61.24476,10.557596,65.37839,-106.71229,12.691538,0.0,0.0
321,8.619146,-0.51218903,-14.023324,-18.297958,4.817022,-4.553745,-0.45428947,10.7294445,-51.19892,-22.250298,-19.970465,2.1349177,-6.9594755,-13.275626,-17.818018,7.4358344,43.69798,87.30317,0.0,0.0,-3.0243094,-19.643625,-3.2786586,63.266045,81.039345,0.0,0.0,-105.70692,-1.2185684,-6.950742,37.250774,68.99545,229.12167,60.268963,-28.008602,-249.68242,150.02144,17.710644,-26.83027,33.11174,26.675291,-37.128395,2.6193373,42.335114,13.3584585,0.0,0.0,-66.97172,10.050934,59.079113,-100.709,22.755264,0.0,0.0
322,7.6657453,-0.4820908,-14.1109085,-17.946074,5.491909,-2.1194508,0.06278042,10.307468,-53.718555,-19.729527,-19.719852,1.9175314,-6.6204267,-12.999628,-18.226969,7.518263,44.16546,87.05403,0.0,0.0,-3.7207377,-19.557667,-2.6687691,62.282047,80.98642,0.0,0.0,-104.266655,1.7568223,-4.0727344,48.73897,61.382996,231.3965,54.313538,-42.87616,-219.39221,204.02475,22.964392,-27.035078,35.727024,29.133194,-38.86657,0.4177162,46.07897,12.536457,0.0,0.0,-73.69077,10.089095,50.556854,-93.746284,35.40067,0.0,0.0
323,6.671597,-0.4077105,-14.208515,-17.400326,6.077924,0.31778544,0.5266124,9.816402,-55.871967,-17.168705,-19.434837,1.7024559,-6.2808557,-12.687221,-18.618185,7.483304,44.653584,87.06259,0.0,0.0,-4.483908,-19.45253,-2.2283373,61.397884,81.45028,0.0,0.0,-107.90816,3.294714,0.6842089,63.170177,51.498795,225.93156,49.821552,-56.256042,-180.92522,222.11392,24.466503,-29.517614,38.860737,31.09074,-39.142456,-5.0065637,50.56586,11.939199,0.0,0.0,-80.885284,10.328583,41.31531,-86.555855,47.289635,0.0,0.0
324,5.5863605,-0.32243118,-14.25889,-16.656471,6.5539594,2.6307921,0.9689179,9.248939,-57.538486,-14.917305,-19.16051,1.4440647,-5.9163365,-12.345802,-18.98594,7.332988,45.15832,87.35455,0.0,0.0,-5.321023,-19.329294,-1.9463844,60.605244,82.341095,0.0,0.0,-114.69615,2.9014208,6.932511,77.69626,41.037304,213.59949,47.204693,-67.36053,-136.02382,211.19037,22.613367,-34.036926,42.15512,32.186935,-38.414833,-12.425915,56.34703,10.105414,0.0,0.0,-87.81735,10.406124,33.091198,-79.5961,53.983173,0.0,0.0
325,4.3693266,-0.27077174,-14.181587,-15.737896,6.889706,4.703784,1.4165175,8.543657,-58.647377,-13.063953,-18.939484,1.090616,-5.4843063,-11.991144,-19.347122,7.1258016,45.69633,87.7161,0.0,0.0,-6.2454767,-19.203234,-1.7478738,59.870853,83.261406,0.0,0.0,-121.80212,0.87537336,13.381586,89.27501,31.772099,197.14638,45.839977,-75.82046,-88.318016,184.66966,18.493868,-39.34877,45.051025,32.181015,-37.27389,-20.653677,64.06568,4.197486,0.0,0.0,-93.65333,9.948714,27.70758,-73.10737,50.432125,0.0,0.0
326,3.0196717,-0.28013092,-13.945543,-14.6922655,7.0873933,6.480538,1.8825228,7.686365,-59.177998,-11.6343155,-18.798086,0.62330246,-4.9724617,-11.642556,-19.712461,6.8960342,46.301174,87.94067,0.0,0.0,-7.251684,-19.088493,-1.5641208,59.17304,83.89171,0.0,0.0,-126.99582,-2.2855825,18.585026,95.90472,25.140518,179.23361,45.118496,-81.14375,-41.097702,154.10803,13.2452545,-44.26814,46.93235,31.220755,-36.111126,-28.759163,73.56997,-6.4741406,0.0,0.0,-97.83833,8.855845,25.777575,-67.15125,35.15023,0.0,0.0
327,1.6295024,-0.33598697,-13.6400795,-13.6234045,7.2300725,8.055726,2.348636,6.7774835,-59.236008,-10.503922,-18.722593,0.102396905,-4.4411783,-11.326665,-20.078197,6.6175046,47.047894,87.847786,0.0,0.0,-8.290273,-18.995665,-1.342584,58.516106,84.11294,0.0,0.0,-129.52925,-5.6250834,20.766506,98.14389,21.737467,162.24147,44.488117,-82.569664,3.346666,126.433846,8.105369,-47.79529,47.062283,30.394121,-34.836296,-36.440487,82.798134,-17.364105,0.0,0.0,-100.51581,7.685664,24.962488,-61.344078,15.313406,0.0,0.0
328,0.29629463,-0.41840935,-13.367675,-12.634044,7.407676,9.541264,2.7938068,5.9267535,-58.93862,-9.529174,-18.693216,-0.40504533,-3.9564795,-11.065527,-20.438366,6.256222,48.005497,87.29691,0.0,0.0,-9.310615,-18.93292,-1.0409443,57.907715,83.86093,0.0,0.0,-128.99454,-8.159803,18.322151,96.97612,21.900087,148.2793,43.409443,-79.45691,43.109573,107.42166,4.2475095,-49.037556,44.796032,30.853367,-33.32516,-43.444496,89.54225,-23.416462,0.0,0.0,-101.96741,7.0857882,22.562572,-55.2572,-0.9834967,0.0,0.0
329,-0.95530885,-0.5148934,-13.182052,-11.73612,7.6485844,10.965448,3.2109694,5.1710405,-58.329067,-8.61791,-18.688772,-0.87938964,-3.5341456,-10.820852,-20.779997,5.798184,49.085514,86.57208,0.0,0.0,-10.304001,-18.887726,-0.7122786,57.360218,83.36765,0.0,0.0,-126.39735,-9.337403,12.25437,93.958275,24.415699,137.05392,41.416885,-73.0702,78.33493,97.737076,1.9928699,-48.00954,40.802113,32.876556,-31.906733,-48.89685,93.0565,-22.528196,0.0,0.0,-102.85651,7.6172853,16.80187,-48.810368,-9.5423565,0.0,0.0
330,-2.15501,-0.61814684,-13.1041355,-10.87792,7.9430213,12.312259,3.6046073,4.495709,-57.40183,-7.70503,-18.687075,-1.3341954,-3.155091,-10.514577,-21.087896,5.2400904,50.10542,86.22278,0.0,0.0,-11.294504,-18.834017,-0.46839806,56.885254,83.051025,0.0,0.0,-123.63575,-8.896062,5.2063327,91.00088,27.090181,126.66268,38.08626,-65.86495,110.70728,94.67995,1.0968469,-45.3101,36.56918,36.187286,-31.188261,-51.573246,93.56863,-14.521086,0.0,0.0,-104.09561,9.78038,6.4849114,-42.10962,-8.756165,0.0,0.0
331,-3.3313613,-0.71536297,-13.134103,-10.020129,8.273508,13.561716,3.971053,3.8880622,-56.15621,-6.7452407,-18.672913,-1.7722948,-2.806933,-10.103952,-21.36302,4.6123567,50.963,86.511986,0.0,0.0,-12.305235,-18.745922,-0.40310687,56.491783,83.1529,0.0,0.0,-121.90211,-6.6377416,-0.62811077,89.34191,28.355637,115.82836,33.01512,-59.759377,141.45341,95.53674,1.3081336,-41.331505,33.297966,40.3245,-31.628637,-50.73904,91.83059,-1.16369,0.0,0.0,-106.11163,13.706164,-8.28417,-35.565586,0.49619085,0.0,0.0
332,-4.5122943,-0.7804516,-13.222376,-9.152592,8.605897,14.690663,4.287938,3.3393044,-54.604637,-5.7368503,-18.647804,-2.170971,-2.493213,-9.6321,-21.646551,4.025384,51.75616,87.000015,0.0,0.0,-13.35892,-18.598312,-0.56369156,56.180386,83.48286,0.0,0.0,-120.65407,-2.516673,-4.2026772,88.583405,28.18845,104.796745,25.849438,-55.326687,170.76657,97.61695,2.3666341,-35.952625,31.459604,44.401848,-33.313717,-46.877663,89.84763,11.122599,0.0,0.0,-108.15615,18.634132,-24.29068,-30.298643,11.37625,0.0,0.0
333,-5.723532,-0.78642887,-13.313724,-8.269479,8.906112,15.679504,4.5298862,2.8383477,-52.759308,-4.685819,-18.614988,-2.5050306,-2.21636,-9.150611,-21.982847,3.5907254,52.604706,87.1875,0.0,0.0,-14.475557,-18.36893,-0.9811194,55.946423,83.799675,0.0,0.0,-119.11849,3.471528,-4.749481,88.08438,26.828114,94.00094,16.279587,-52.897648,198.73227,98.30578,4.007935,-28.993324,31.378588,47.535362,-36.232075,-40.726837,89.64407,15.832762,0.0,0.0,-109.339714,23.69612,-38.04524,-27.411514,16.732225,0.0,0.0
334,-6.94507,-0.71896535,-13.370898,-7.3807616,9.164107,16.538359,4.6651673,2.3498943,-50.642025,-3.630556,-18.56977,-2.7588325,-1.9438593,-8.671173,-22.378338,3.3042479,53.525234,87.08003,0.0,0.0,-15.6245365,-18.071703,-1.569317,55.743534,84.00711,0.0,0.0,-116.84696,10.996896,-2.7567217,87.19998,24.94278,83.628334,4.607679,-52.331997,225.46872,95.822426,5.901062,-20.600866,32.924274,49.540794,-39.83161,-33.99277,91.33158,13.35123,0.0,0.0,-109.13565,28.212933,-47.959297,-26.637535,15.861256,0.0,0.0
335,-8.135134,-0.5718509,-13.36875,-6.5011716,9.386956,17.30214,4.659575,1.8203969,-48.269707,-2.623772,-18.502243,-2.9248447,-1.6194464,-8.177236,-22.817324,3.085671,54.473785,87.00499,0.0,0.0,-16.74983,-17.742155,-2.1705558,55.497635,84.10325,0.0,0.0,-113.59018,19.552425,0.48713174,85.28145,23.463589,73.64457,-8.53204,-53.176025,251.2818,88.927475,7.683163,-11.089626,35.675896,50.69796,-43.23538,-28.95527,93.80452,8.468093,0.0,0.0,-107.25749,31.657904,-53.74039,-26.822393,12.194035,0.0,0.0
336,-9.262823,-0.3388613,-13.299899,-5.647042,9.587393,17.99301,4.4937644,1.2271911,-45.6565,-1.7208349,-18.408659,-2.994641,-1.2141821,-7.661185,-23.28414,2.869342,55.421753,87.14716,0.0,0.0,-17.811722,-17.405943,-2.6878521,55.174465,84.110275,0.0,0.0,-109.40683,28.515726,4.216357,81.86194,23.115349,63.84007,-22.403238,-55.230186,276.26892,77.56744,9.061268,-0.91050315,39.207645,51.228622,-45.853767,-26.893017,96.22168,4.4744945,0.0,0.0,-103.84031,33.80754,-55.684944,-26.996418,8.560456,0.0,0.0
337,-10.328006,-0.013546525,-13.199678,-4.8356915,9.792138,18.604664,4.185234,0.6212387,-42.804886,-0.9797864,-18.300245,-2.95846,-0.7650807,-7.13657,-23.764997,2.6262243,56.382378,87.336,0.0,0.0,-18.814161,-17.063486,-3.1744819,54.836193,84.106,0.0,0.0,-105.087395,37.00845,8.951151,76.91223,24.112173,53.557026,-36.061806,-58.90984,300.1052,64.5357,9.916638,9.18155,43.089703,51.20807,-47.810402,-26.630356,98.42265,0.90310603,0.0,0.0,-100.03278,35.18009,-55.50837,-26.656742,6.2093873,0.0,0.0
338,-11.336321,0.4081527,-13.103717,-4.0843205,10.028667,19.125534,3.7562635,0.05551583,-39.716976,-0.45008036,-18.18999,-2.8085887,-0.3146851,-6.6192927,-24.247545,2.3361757,57.373245,87.36611,0.0,0.0,-19.768286,-16.711622,-3.6998377,54.553375,84.169014,0.0,0.0,-101.47857,44.150105,15.33381,70.49238,26.550304,42.175343,-48.55095,-64.634964,322.33386,52.91602,10.1719,18.413261,46.8982,50.7128,-49.328228,-26.653357,100.316216,-3.1399841,0.0,0.0,-97.05304,36.376648,-55.038277,-25.421717,6.0055327,0.0,0.0
339,-12.308528,0.90323865,-12.978609,-3.406336,10.309784,19.53241,3.2208056,-0.5190688,-36.406742,-0.078154825,-18.085482,-2.56261,0.14325114,-6.1157455,-24.733225,2.0184314,58.39222,87.234024,0.0,0.0,-20.69474,-16.348425,-4.2643585,54.329624,84.29316,0.0,0.0,-98.83102,49.473183,23.240175,62.933224,30.046673,30.247856,-59.13145,-71.8494,341.7266,44.293262,9.927442,26.32429,50.28769,50.079865,-50.561672,-25.726576,101.452545,-7.0786357,0.0,0.0,-95.19913,37.693733,-54.987923,-23.503342,7.096953,0.0,0.0
340,-13.270716,1.4292362,-12.747661,-2.8156486,10.637646,19.793041,2.5900216,-1.2138926,-32.910637,0.25358844,-17.991327,-2.2553856,0.6439482,-5.6284647,-25.2301,1.7187359,59.420055,87.06548,0.0,0.0,-21.616121,-15.974374,-4.8220887,54.12688,84.417725,0.0,0.0,-97.0264,52.751358,32.020515,54.772846,33.8966,19.127813,-67.15747,-79.34085,356.4806,39.33135,9.398374,32.619778,52.94793,49.81475,-51.61597,-22.798681,101.14973,-9.384927,0.0,0.0,-94.18986,39.227825,-55.360878,-21.500578,7.5347195,0.0,0.0
341,-14.2407875,1.9562835,-12.367036,-2.3183677,11.010898,19.902342,1.8811086,-2.0827322,-29.269108,0.62934715,-17.908821,-1.9122179,1.2026911,-5.1511664,-25.744007,1.4766504,60.438614,86.94893,0.0,0.0,-22.549574,-15.58651,-5.351297,53.919773,84.4994,0.0,0.0,-95.87521,53.80146,40.831554,46.51417,37.532635,10.006627,-72.04559,-85.708435,365.06235,38.066547,8.758526,37.06302,54.574764,50.234177,-52.47158,-17.467854,99.00341,-9.234265,0.0,0.0,-93.61462,41.018063,-56.190273,-19.861017,6.293291,0.0,0.0
342,-15.206772,2.4806895,-11.874877,-1.9088567,11.417349,19.916637,1.1312087,-3.032449,-25.564732,1.0464821,-17.83247,-1.5370839,1.7809894,-4.6615987,-26.27023,1.3191062,61.422707,86.87914,0.0,0.0,-23.489607,-15.177149,-5.884695,53.7175,84.537605,0.0,0.0,-95.05907,52.47638,48.30384,38.643566,40.695396,3.7787127,-73.245705,-89.04748,366.4019,39.152122,8.0797825,39.46695,54.84099,51.20052,-52.796837,-10.896848,95.27273,-7.4912724,0.0,0.0,-92.79335,42.9601,-57.60944,-18.671936,4.603636,0.0,0.0
343,-16.15382,3.0004702,-11.320534,-1.5791512,11.843858,19.899357,0.38064453,-3.9545789,-21.885645,1.4897835,-17.756332,-1.1325728,2.3351185,-4.1376004,-26.802126,1.2673564,62.348007,86.83753,0.0,0.0,-24.42685,-14.738921,-6.4597716,53.532864,84.53958,0.0,0.0,-94.244896,48.64962,53.101944,31.603287,43.187065,1.2153801,-70.265755,-87.4695,359.57858,41.14261,7.415335,39.657455,53.457733,52.503677,-52.22972,-4.430474,90.302925,-5.2271557,0.0,0.0,-91.02578,44.910538,-59.705227,-17.983257,3.916428,0.0,0.0
344,-17.083681,3.4885316,-10.742518,-1.3157289,12.284721,19.89038,-0.32742316,-4.81357,-18.314524,1.9467663,-17.680935,-0.72134966,2.852055,-3.5854008,-27.328485,1.2998321,63.210808,86.811424,0.0,0.0,-25.345125,-14.2761,-7.0762143,53.3621,84.528946,0.0,0.0,-93.15453,42.347042,55.153767,25.367222,44.988438,2.2109795,-63.18592,-80.09517,344.53238,43.825314,6.7762904,37.50261,50.60113,53.87577,-50.582874,1.154492,84.29124,-3.0089972,0.0,0.0,-87.83591,46.521183,-61.866913,-18.030777,4.380914,0.0,0.0
345,-18.004549,3.8996742,-10.175008,-1.1026467,12.737,19.91462,-0.9449296,-5.6164207,-14.946313,2.4046853,-17.611254,-0.34069496,3.3360531,-3.031758,-27.83286,1.3675017,64.01677,86.792046,0.0,0.0,-26.21985,-13.80246,-7.7068853,53.191624,84.53983,0.0,0.0,-91.5498,33.72292,55.185513,19.637497,46.186787,6.092743,-52.48769,-66.72918,321.82678,47.75926,6.149874,32.910183,46.757435,55.00628,-47.788826,5.419803,77.3685,-1.092758,0.0,0.0,-82.906845,47.306866,-63.030506,-19.167025,5.313935,0.0,0.0
346,-18.920391,4.199728,-9.638843,-0.929816,13.199067,19.994032,-1.4312445,-6.3305273,-11.854804,2.8678207,-17.550282,-0.022557823,3.787642,-2.4905355,-28.301579,1.436877,64.766556,86.778145,0.0,0.0,-27.031544,-13.328387,-8.333889,53.00663,84.59707,0.0,0.0,-89.19925,23.207237,53.921238,14.01629,46.877964,12.038485,-39.043495,-48.070446,292.27734,53.23912,5.5555725,26.084019,42.300186,55.717503,-43.863316,8.213598,69.6693,0.26851445,0.0,0.0,-76.18151,46.913387,-62.436886,-21.49616,5.9599605,0.0,0.0
347,-19.815266,4.3766694,-9.128801,-0.8041419,13.667886,20.144228,-1.7564181,-6.817199,-9.099148,3.3768845,-17.496817,0.21025252,4.192359,-1.9493287,-28.722433,1.5127362,65.43957,86.78687,0.0,0.0,-27.763876,-12.860437,-8.956402,52.79152,84.70276,0.0,0.0,-85.89594,11.949956,52.024605,7.939372,47.15489,18.882463,-24.718895,-27.012125,257.42157,59.867466,5.098188,17.957838,37.346535,56.139114,-39.03266,10.00197,61.39943,0.7932323,0.0,0.0,-68.25219,45.28938,-60.05509,-24.520514,5.4165726,0.0,0.0
348,-20.670746,4.423806,-8.636232,-0.73559475,14.139886,20.378044,-1.8969897,-6.938385,-6.7328215,3.9732409,-17.448822,0.3385373,4.5349603,-1.393457,-29.084238,1.6046714,66.01405,86.83338,0.0,0.0,-28.402262,-12.4056425,-9.573073,52.53187,84.84959,0.0,0.0,-81.47543,1.1794354,50.122368,0.8611869,47.099903,25.416105,-11.465464,-6.778595,218.89104,67.07545,4.8930893,9.565256,31.99017,56.40612,-33.55973,11.304461,52.792297,0.23448808,0.0,0.0,-59.796043,42.438816,-55.968456,-27.659151,2.8776474,0.0,0.0
349,-21.471855,4.3569117,-8.158509,-0.74106777,14.606917,20.68748,-1.8840566,-6.7406216,-4.7767186,4.643262,-17.401932,0.36804852,4.815506,-0.8277184,-29.383858,1.712639,66.48886,86.879074,0.0,0.0,-28.944881,-11.983881,-10.146495,52.22855,84.960625,0.0,0.0,-76.21881,-8.185851,48.51512,-7.2559614,46.67497,30.523113,-0.551022,9.318823,178.19742,73.50051,5.0336456,1.8503402,26.49413,56.19269,-27.771471,12.195095,44.288086,-1.2150401,0.0,0.0,-51.367794,38.48276,-50.33139,-30.397133,-1.115111,0.0,0.0
350,-22.206673,4.2058363,-7.6962757,-0.8420255,15.058466,21.051699,-1.7832716,-6.387498,-3.2293167,5.339208,-17.35023,0.32033843,5.0440445,-0.26863843,-29.623543,1.8306043,66.8764,86.851234,0.0,0.0,-29.398546,-11.622772,-10.616887,51.89175,84.914696,0.0,0.0,-70.68413,-15.43324,47.29382,-16.137049,45.763557,33.149155,7.201396,17.925692,136.72386,77.27448,5.600192,-4.307421,21.222654,54.87731,-22.02844,12.463965,36.44909,-3.0847287,0.0,0.0,-43.434414,33.61033,-43.334248,-32.263794,-5.1666493,0.0,0.0
351,-22.869781,4.000043,-7.2479973,-1.0512444,15.487486,21.437616,-1.6499251,-6.034608,-2.0838869,6.0300517,-17.289253,0.22004884,5.2284584,0.26660573,-29.80624,1.9509213,67.1889,86.72647,0.0,0.0,-29.771872,-11.337713,-10.955077,51.537094,84.67997,0.0,0.0,-65.404816,-20.212729,46.32098,-25.317158,44.131798,32.836914,11.633187,18.062206,95.5004,75.755394,6.6693335,-8.435909,16.394983,51.940296,-16.588186,11.866711,29.67482,-4.7794223,0.0,0.0,-36.292072,27.995916,-35.179676,-32.99778,-8.0221405,0.0,0.0
352,-23.480501,3.7654622,-6.8009806,-1.3616472,15.901084,21.787773,-1.511435,-5.808702,-1.3029746,6.7353034,-17.217459,0.097939,5.3738046,0.7667688,-29.939306,2.0637913,67.442345,86.60161,0.0,0.0,-30.083052,-11.109757,-11.212596,51.188663,84.44157,0.0,0.0,-60.77314,-23.132456,44.90078,-33.997997,41.25411,30.601145,14.268623,14.591518,54.18548,64.50344,8.31644,-11.121824,11.809597,47.10339,-11.385435,10.090233,23.867989,-5.4392915,0.0,0.0,-29.727901,21.713388,-26.00916,-32.865105,-8.852941,0.0,0.0
353,-24.059242,3.5257788,-6.344573,-1.7624133,16.304594,22.047445,-1.3877082,-5.8142815,-0.85623777,7.4624877,-17.133135,-0.017389096,5.483505,1.2193525,-30.029383,2.1581557,67.65148,86.58089,0.0,0.0,-30.348858,-10.918576,-11.444572,50.86968,84.39652,0.0,0.0,-57.135265,-24.915186,42.288925,-41.376198,36.57072,27.61568,16.797504,12.991413,12.555147,39.083332,10.599254,-13.086174,7.2504845,40.13379,-6.318719,6.8220177,18.863285,-4.3160677,0.0,0.0,-23.453413,14.823369,-15.949554,-32.212444,-7.049235,0.0,0.0
354,-24.612383,3.282474,-5.9008803,-2.2346635,16.668514,22.241262,-1.2583055,-5.943864,-0.81204385,8.010934,-17.026714,-0.13273987,5.5520387,1.598907,-30.07281,2.2145183,67.819374,86.65088,0.0,0.0,-30.563383,-10.778177,-11.621523,50.572742,84.512505,0.0,0.0,-54.437405,-26.140774,38.102467,-47.32713,29.609812,24.463182,20.143427,16.141209,-26.78956,-1.747488,13.383916,-14.93623,2.9370348,30.895447,-1.3006905,1.8835846,14.392009,-2.418918,0.0,0.0,-17.010366,7.313406,-4.933268,-31.463976,-3.8681622,0.0,0.0
355,-25.138004,3.022584,-5.512413,-2.7550688,16.941427,22.444536,-1.0768697,-5.955055,-1.3021582,8.04726,-16.883455,-0.27762884,5.5682073,1.8720089,-30.059326,2.2079782,67.94169,86.7233,0.0,0.0,-30.706432,-10.724389,-11.660122,50.270603,84.61135,0.0,0.0,-52.36866,-27.299772,32.181095,-52.16409,19.942642,21.346268,24.747746,25.274784,-59.487537,-57.264923,16.418242,-17.209885,-0.6380013,19.299133,3.7533152,-4.827082,10.114263,-1.8737826,0.0,0.0,-9.8232765,-0.8853382,7.245477,-31.092949,-1.7512826,0.0,0.0
356,-25.636374,2.7410111,-5.212178,-3.3069599,17.078047,22.691545,-0.81159073,-5.6775656,-2.320763,7.3213086,-16.697605,-0.46820784,5.531177,2.0105343,-29.985231,2.1212022,68.01562,86.724495,0.0,0.0,-30.763372,-10.779027,-11.511416,49.949257,84.577614,0.0,0.0,-50.557064,-28.919699,24.67174,-56.305714,7.3842607,18.51068,30.749619,39.683662,-82.550804,-123.431526,19.418179,-20.373716,-3.026975,5.555913,8.9425745,-13.256405,5.6631184,-3.7704632,0.0,0.0,-1.433655,-9.633262,20.349129,-31.503645,-2.070097,0.0,0.0
357,-26.119926,2.4489717,-5.004527,-3.896545,17.052185,22.917885,-0.4645775,-5.121049,-3.5337925,5.789825,-16.483538,-0.6892575,5.465538,2.0028744,-29.862696,1.9552633,68.04379,86.620155,0.0,0.0,-30.735348,-10.928545,-11.212081,49.623753,84.45449,0.0,0.0,-48.468742,-31.633886,16.378826,-60.466656,-7.786042,16.281418,37.635273,54.152054,-96.78949,-189.0007,22.06629,-24.752289,-3.9471989,-9.547485,14.464906,-23.0637,0.5566377,-6.643355,0.0,0.0,8.419296,-18.388718,33.217987,-32.92634,-3.5354004,0.0,0.0
358,-26.599346,2.1567833,-4.8897314,-4.532637,16.841665,23.052309,-0.043064278,-4.3303003,-4.5869775,3.4584146,-16.257635,-0.9245981,5.3989315,1.8399982,-29.704033,1.7118644,68.02775,86.39095,0.0,0.0,-30.623302,-11.155097,-10.809138,49.310543,84.30709,0.0,0.0,-45.55267,-36.002068,8.208529,-65.41637,-25.30181,14.986269,44.795734,63.200447,-103.79287,-241.73175,24.029749,-30.578196,-3.1873946,-25.111172,20.510513,-33.826366,-5.67779,-8.695272,0.0,0.0,19.916733,-26.545052,44.568676,-35.523945,-4.510246,0.0,0.0
359,-27.055456,1.8319222,-4.8614216,-5.2253666,16.444277,23.115702,0.4474779,-3.4498606,-5.4545674,0.5476132,-16.022758,-1.2026029,5.3517222,1.520919,-29.496576,1.3693149,67.95032,86.12426,0.0,0.0,-30.402615,-11.449502,-10.325459,48.98719,84.1858,0.0,0.0,-41.290165,-41.5863,1.0143219,-72.154945,-45.998066,14.787128,51.71784,66.078835,-108.366066,-271.20532,24.916475,-37.313274,-1.1533451,-40.129017,27.117352,-44.79146,-13.298164,-8.625656,0.0,0.0,32.800137,-33.59114,53.497105,-38.97104,-3.8168223,0.0,0.0
360,-27.450537,1.414104,-4.909063,-5.9867167,15.869594,23.187647,1.0034018,-2.686697,-6.3210716,-2.5888991,-15.77288,-1.5804528,5.3396335,1.0491332,-29.211378,0.8904257,67.78224,85.975136,0.0,0.0,-30.031902,-11.808558,-9.767844,48.606064,84.13158,0.0,0.0,-35.17473,-47.31965,-4.3900876,-81.84283,-71.444496,15.73968,57.956753,65.04718,-117.36782,-268.15268,24.29506,-43.935585,1.3588564,-53.542126,34.23468,-55.006374,-22.437826,-5.4484477,0.0,0.0,46.547287,-39.082066,59.345448,-42.635006,-0.5671679,0.0,0.0
361,-27.755842,0.8791032,-5.0108895,-6.8384094,15.093034,23.32145,1.6143329,-2.1527712,-7.3497534,-5.5557046,-15.515431,-2.0806782,5.371644,0.43863738,-28.83199,0.26464558,67.50404,86.03614,0.0,0.0,-29.489784,-12.222548,-9.154955,48.147007,84.1758,0.0,0.0,-26.845829,-52.003754,-7.500074,-95.41293,-102.720085,17.127354,63.154167,62.722103,-134.30774,-228.93643,21.813862,-49.21775,3.4132128,-64.23351,41.565884,-63.199356,-33.160152,0.42432237,0.0,0.0,60.332813,-42.497147,61.36244,-45.68592,5.06295,0.0,0.0
362,-27.969982,0.285641,-5.1188827,-7.8351717,13.999726,23.505392,2.2606285,-1.7183069,-8.654798,-7.902298,-15.287534,-2.6457367,5.440477,-0.27746552,-28.369165,-0.4597091,67.11831,86.24422,0.0,0.0,-28.799112,-12.670352,-8.52761,47.652466,84.3263,0.0,0.0,-16.217758,-54.222412,-8.623775,-113.36384,-140.01003,16.386717,67.23667,62.44154,-154.63109,-163.42358,17.307364,-51.54108,3.7852974,-71.11757,48.314224,-67.466034,-45.48009,5.2585797,0.0,0.0,72.78453,-43.198933,58.63403,-46.877426,10.3824005,0.0,0.0
363,-28.092127,-0.2966598,-5.1852727,-9.03459,12.468734,23.713572,2.9220068,-1.2257648,-10.326465,-9.198184,-15.129274,-3.2068408,5.5331206,-1.0601276,-27.838781,-1.2221785,66.628395,86.50933,0.0,0.0,-27.990265,-13.127109,-7.9321055,47.1728,84.57913,0.0,0.0,-3.2603538,-52.646473,-8.196932,-136.03918,-183.17041,10.826664,70.11486,67.287796,-172.67345,-83.56996,10.691155,-49.361572,1.3282198,-73.20674,53.641895,-65.98022,-59.337826,5.2491856,0.0,0.0,82.50249,-40.59289,50.313423,-44.957363,12.604593,0.0,0.0
364,-28.090157,-0.8211156,-5.209874,-10.485896,10.452114,23.868732,3.5972214,-0.59151083,-12.28125,-9.39729,-15.059583,-3.708544,5.5979404,-1.8429517,-27.264196,-1.9313864,66.006584,86.691505,0.0,0.0,-27.098684,-13.551112,-7.429129,46.73612,84.83286,0.0,0.0,11.99217,-47.427666,-6.8669567,-162.91281,-230.27495,-0.5739465,71.16816,76.2058,-183.82849,-2.6258686,2.4945467,-42.787773,-3.6820955,-70.86742,57.225895,-59.091927,-74.07257,1.4235216,0.0,0.0,88.96475,-34.896866,36.741623,-39.385216,12.141067,0.0,0.0
365,-27.912079,-1.2556965,-5.22278,-12.232967,7.9484606,23.861015,4.2970786,0.22089317,-14.32505,-8.698511,-15.083891,-4.103948,5.5588284,-2.5422382,-26.673521,-2.4764457,65.20546,86.61945,0.0,0.0,-26.163036,-13.889989,-7.088496,46.356422,84.92446,0.0,0.0,29.463419,-39.65979,-5.4135637,-192.90366,-278.2601,-17.771116,69.43806,85.50751,-184.1696,65.34773,-6.3628445,-32.98024,-10.063538,-65.32797,59.07108,-48.536007,-88.64097,-2.1175904,0.0,0.0,92.20924,-26.846642,19.017506,-30.074594,11.43715,0.0,0.0
366,-27.519566,-1.5835661,-5.2480736,-14.309914,4.972758,23.607332,5.0116425,1.2057941,-16.279184,-7.3561954,-15.201463,-4.3633957,5.377969,-3.1105483,-26.086433,-2.8026063,64.20772,86.26376,0.0,0.0,-25.218227,-14.108726,-6.9668236,46.06279,84.80624,0.0,0.0,48.722115,-30.138409,-3.8268301,-224.61311,-323.36154,-40.19177,64.02214,92.00005,-171.60176,110.625694,-15.122768,-21.005121,-16.580984,-57.739014,59.203094,-35.73575,-102.04402,-2.4542851,0.0,0.0,92.499084,-17.377813,-1.3041712,-17.227812,12.098181,0.0,0.0
367,-26.911205,-1.8221704,-5.2938957,-16.712986,1.5985034,23.09292,5.6755333,2.2505832,-17.993967,-5.7595634,-15.396178,-4.497227,5.112732,-3.5854585,-25.50588,-2.9901395,63.07667,85.94285,0.0,0.0,-24.29617,-14.213591,-7.0887394,45.923126,84.71348,0.0,0.0,68.348366,-18.96647,-0.19028653,-255.68274,-359.87177,-65.86426,54.211037,93.75646,-148.54977,133.76576,-23.375538,-7.742216,-21.863338,-49.08332,57.6878,-21.394718,-113.31929,0.34825298,0.0,0.0,90.62507,-7.9548364,-21.455078,-1.8208001,13.608359,0.0,0.0
368,-26.091589,-1.9906682,-5.3593626,-19.438068,-2.101038,22.312138,6.2190075,3.2364643,-19.341192,-4.2891293,-15.651777,-4.5204945,4.8304987,-4.0150948,-24.931543,-3.130128,61.879925,85.989876,0.0,0.0,-23.421894,-14.21927,-7.46608,46.003056,84.894066,0.0,0.0,86.97004,-6.189909,7.463186,-283.80078,-382.03098,-92.653915,39.45664,89.20687,-118.11738,137.31734,-30.76145,5.9755,-24.66157,-40.231293,54.617535,-6.016586,-121.62617,5.630498,0.0,0.0,87.433815,-0.0053015407,-38.708176,15.099992,15.086195,0.0,0.0
369,-25.08915,-2.0531552,-5.366442,-22.440994,-6.0100255,21.258368,6.580367,4.1061096,-20.289936,-3.065221,-15.971051,-4.4208093,4.5605974,-4.395824,-24.383072,-3.1921961,60.645996,86.33756,0.0,0.0,-22.593683,-14.155257,-8.026586,46.292297,85.26832,0.0,0.0,104.47774,7.1649694,18.401863,-307.23035,-384.44928,-117.83503,20.957308,78.34885,-84.0775,126.79382,-36.46366,18.94614,-25.010624,-31.428926,50.302094,10.333652,-126.77252,11.037252,0.0,0.0,83.49351,5.881447,-51.83932,32.369682,15.034835,0.0,0.0
370,-23.947214,-1.9391092,-5.188208,-25.653566,-9.987368,19.924429,6.7036967,4.8420057,-20.872826,-2.041659,-16.36889,-4.1686687,4.3080325,-4.6915884,-23.892336,-3.0690975,59.377884,86.663826,0.0,0.0,-21.792099,-14.060655,-8.644403,46.732025,85.54827,0.0,0.0,121.579994,19.454575,30.176208,-324.6265,-362.0163,-138.32405,1.0207247,62.18619,-50.621025,109.63543,-39.382507,29.742382,-23.76853,-22.52006,45.19065,27.8779,-128.98991,13.138148,0.0,0.0,79.196266,9.656954,-60.597126,48.757435,11.5693,0.0,0.0
371,-22.684925,-1.6249396,-4.7652583,-29.005001,-13.808145,18.344843,6.566391,5.415819,-21.134758,-1.1729455,-16.832281,-3.7659423,4.076542,-4.879281,-23.4775,-2.6958318,58.08615,86.772,0.0,0.0,-21.007496,-13.962899,-9.239814,47.28473,85.56673,0.0,0.0,138.82156,29.115438,40.25224,-335.17786,-311.8188,-151.9963,-18.096043,42.227573,-20.866558,91.717545,-38.837944,37.223515,-21.88812,-13.548951,39.77828,46.34497,-128.4367,10.459463,0.0,0.0,74.88574,11.322041,-64.950645,63.288837,3.9817426,0.0,0.0
372,-21.27088,-1.2045574,-4.206943,-32.396816,-17.020596,16.666075,6.227734,5.76802,-21.14679,-0.42715517,-17.276957,-3.2941146,3.8692336,-4.9674206,-23.12568,-2.1157086,56.809284,86.77879,0.0,0.0,-20.259792,-13.861448,-9.843036,47.962517,85.45746,0.0,0.0,156.20435,34.744358,45.89632,-339.29465,-236.6438,-158.98763,-34.177944,21.304375,4.492436,75.16891,-35.188297,40.90964,-20.533152,-5.12027,34.70194,64.13458,-125.08682,6.3357434,0.0,0.0,70.823494,10.969181,-65.34527,75.52114,-5.511042,0.0,0.0
373,-19.664001,-0.78387326,-3.6423788,-35.74571,-19.178362,15.0349,5.7579794,5.84579,-20.980982,0.22708163,-17.616503,-2.8404753,3.6861603,-4.970637,-22.818092,-1.3839123,55.583473,86.8347,0.0,0.0,-19.567768,-13.753416,-10.495426,48.782955,85.38222,0.0,0.0,173.64488,35.18367,44.62962,-337.55225,-140.77559,-159.91008,-45.26226,2.298575,25.27651,61.403484,-29.001377,40.566307,-20.846134,2.1346028,30.55622,79.5878,-118.88784,4.4685845,0.0,0.0,67.258255,8.70934,-62.278534,85.16396,-14.5083885,0.0,0.0
374,-17.85913,-0.4224037,-3.1614854,-39.023315,-20.085323,13.490214,5.2199,5.695619,-20.662615,0.79454136,-17.836952,-2.443825,3.5051348,-4.9100285,-22.542086,-0.52517116,54.43518,86.94071,0.0,0.0,-18.92619,-13.661361,-11.150316,49.71545,85.31221,0.0,0.0,190.15797,31.294907,36.67368,-329.78613,-38.272022,-156.27095,-51.218006,-12.570547,41.57153,50.92591,-21.488853,37.246475,-23.475676,7.7784452,27.485323,91.70039,-109.806694,4.7587447,0.0,0.0,64.64718,4.6151605,-55.800583,92.032936,-23.083488,0.0,0.0
375,-15.873093,-0.14988637,-2.8289075,-42.238693,-19.708406,12.001126,4.671442,5.427702,-20.187576,1.2638581,-17.970802,-2.1117935,3.2896261,-4.810983,-22.28855,0.45531058,53.383694,87.00283,0.0,0.0,-18.313875,-13.623938,-11.705557,50.699192,85.097595,0.0,0.0,204.19797,25.232838,23.97842,-315.37186,50.63148,-150.16006,-53.096325,-21.522934,53.657696,43.64726,-14.2718,32.829155,-28.753033,11.50459,25.34218,99.89982,-97.82399,4.690657,0.0,0.0,63.575665,-1.2621883,-45.683556,96.02433,-32.88474,0.0,0.0
376,-13.734117,0.0239592,-2.6858413,-45.363842,-18.215967,10.547999,4.1529646,5.1363926,-19.571886,1.6435107,-18.047794,-1.8411002,3.0038939,-4.6939564,-22.048758,1.5332892,52.452232,86.97202,0.0,0.0,-17.70522,-13.669888,-12.090738,51.68527,84.65517,0.0,0.0,214.38239,18.749557,8.48188,-293.78702,111.3405,-143.36966,-52.038597,-23.694248,62.0309,39.33655,-8.498372,28.899687,-36.549084,12.980309,23.875916,103.81305,-83.09817,3.1351688,0.0,0.0,64.30166,-8.616575,-32.26437,97.36361,-44.14025,0.0,0.0
377,-11.511635,0.1357896,-2.7182193,-48.25911,-16.269886,9.150711,3.6657708,4.877148,-18.885818,1.9883378,-18.088783,-1.6049222,2.6167226,-4.5680966,-21.816326,2.630337,51.679768,86.91213,0.0,0.0,-17.068495,-13.802842,-12.312307,52.648308,84.071144,0.0,0.0,219.68701,12.614768,-7.8664026,-264.93167,142.82433,-136.99454,-49.37134,-20.420631,67.65405,37.464294,-4.1902685,26.32441,-45.57551,11.799751,22.604012,103.51658,-66.32077,2.428365,0.0,0.0,66.27641,-16.472065,-17.353876,97.066795,-53.49994,0.0,0.0
378,-9.270995,0.2264635,-2.9036894,-50.787964,-14.556183,7.8263025,3.2034523,4.696489,-18.199387,2.3573148,-18.112358,-1.3726096,2.100248,-4.4427795,-21.585487,3.6686738,51.10099,86.90014,0.0,0.0,-16.372076,-14.021839,-12.389236,53.573708,83.45113,0.0,0.0,219.2836,7.413083,-23.224075,-228.8241,146.91881,-131.95561,-46.40702,-13.389682,71.57377,37.41808,-1.1709368,25.781471,-54.426815,7.600589,21.02594,99.26244,-48.22147,5.0529857,0.0,0.0,68.85886,-23.840221,-2.8119512,96.22273,-57.488533,0.0,0.0
379,-7.0663104,0.29764524,-3.226956,-52.88229,-13.2767105,6.5644817,2.7633517,4.619734,-17.518047,2.7597175,-18.122448,-1.1229793,1.4703238,-4.354898,-21.365337,4.6161275,50.722504,86.97371,0.0,0.0,-15.625225,-14.314338,-12.333394,54.481255,82.85615,0.0,0.0,213.43428,3.6067965,-36.219067,-187.12822,132.0398,-128.71579,-44.036976,-4.444983,74.58052,38.367413,0.79887664,27.226814,-61.93656,0.54798585,18.897024,92.32674,-29.779272,9.399663,0.0,0.0,71.68706,-30.357615,10.772262,95.34492,-56.66689,0.0,0.0
380,-4.9429393,0.32627034,-3.6769707,-54.52006,-12.324216,5.3363924,2.3447666,4.6584167,-16.805769,3.1735191,-18.11374,-0.84066504,0.77045476,-4.358737,-21.174234,5.4704,50.53224,87.14539,0.0,0.0,-14.86273,-14.660442,-12.1524935,55.4133,82.31853,0.0,0.0,203.10611,1.5748298,-45.791653,-142.5413,110.842674,-127.43968,-42.883984,4.4674816,77.30843,39.33941,2.0033627,30.153149,-67.09733,-8.85413,16.134644,84.64036,-12.120773,11.259804,0.0,0.0,74.5777,-36.063995,23.627258,94.58201,-54.169514,0.0,0.0
381,-2.947145,0.30776364,-4.223494,-55.68944,-11.584098,4.10788,1.9413252,4.804342,-16.036657,3.5826807,-18.08586,-0.5166901,0.045109384,-4.494642,-21.024761,6.2360997,50.51358,87.383705,0.0,0.0,-14.10477,-15.045982,-11.852766,56.3874,81.84764,0.0,0.0,189.62604,1.546693,-51.41341,-97.50034,93.07421,-127.795876,-43.389317,11.7729025,80.05224,39.650665,2.7018251,34.059776,-69.41284,-19.846718,12.812904,77.5027,3.8545897,8.732982,0.0,0.0,77.630974,-40.989758,35.7161,93.92798,-51.584267,0.0,0.0
382,-1.1256316,0.2832782,-4.790316,-56.402096,-10.935228,2.831076,1.5323346,5.002319,-15.20998,3.9873767,-18.050703,-0.15686835,-0.6608164,-4.768936,-20.915045,6.934224,50.639874,87.551704,0.0,0.0,-13.334185,-15.471482,-11.43645,57.361305,81.39774,0.0,0.0,175.14778,3.3966124,-53.831913,-53.720055,81.261475,-128.26347,-45.568832,16.803907,82.29289,39.323658,3.0919085,38.485516,-69.617905,-31.079323,9.375076,70.64988,17.818968,5.6078105,0.0,0.0,81.63264,-45.131508,46.33885,93.015045,-46.644375,0.0,0.0
383,0.4763666,0.29887545,-5.299477,-56.67333,-10.263523,1.470136,1.096411,5.193339,-14.334842,4.3879404,-18.020971,0.23084974,-1.3052016,-5.178913,-20.841284,7.5839224,50.88331,87.51641,0.0,0.0,-12.530369,-15.937378,-10.908956,58.28446,80.92658,0.0,0.0,161.88086,6.8674674,-53.957752,-12.872244,76.65384,-127.25502,-49.290325,19.098225,83.44989,38.488186,3.3643184,42.93105,-68.57324,-41.155136,6.3160625,63.612343,29.497332,6.1164536,0.0,0.0,87.36979,-48.46948,54.734093,91.46375,-36.789753,0.0,0.0
384,1.9167674,0.3775992,-5.75867,-56.550667,-9.517156,0.08914792,0.6092504,5.3647046,-13.450344,4.7782035,-17.995867,0.65660673,-1.9120772,-5.6904182,-20.797182,8.187958,51.226925,87.37762,0.0,0.0,-11.660033,-16.438684,-10.298055,59.159283,80.50433,0.0,0.0,150.55829,10.907334,-52.484837,24.719284,77.617584,-124.47498,-53.56799,19.22418,83.72721,37.282257,3.749877,46.612167,-66.47814,-49.696556,3.926681,55.90151,38.899487,9.726105,0.0,0.0,94.673615,-51.045254,61.061943,89.33257,-22.413387,0.0,0.0
385,3.3123162,0.52789605,-6.2279525,-56.099117,-8.68628,-1.1799456,0.04620187,5.5324783,-12.617445,5.14644,-17.966133,1.1407357,-2.5448902,-6.2485123,-20.775282,8.736105,51.660343,87.38209,0.0,0.0,-10.684583,-16.965488,-9.647068,60.018414,80.27408,0.0,0.0,141.02444,13.954485,-49.956974,59.431335,80.73416,-120.44775,-56.86716,18.384106,83.818596,35.849976,4.5030155,48.54807,-63.108746,-56.934155,2.3802257,47.04141,46.16479,12.888454,0.0,0.0,102.75426,-52.92425,66.02952,86.96081,-5.802663,0.0,0.0
386,4.727063,0.7365069,-6.73517,-55.361164,-7.78052,-2.2732205,-0.5898905,5.7064753,-11.856923,5.4874315,-17.923218,1.6780834,-3.2240965,-6.8219447,-20.766064,9.208701,52.16625,87.646774,0.0,0.0,-9.586419,-17.508482,-8.981498,60.879753,80.317245,0.0,0.0,132.76225,14.818388,-46.509434,91.82237,83.14678,-115.849304,-57.90027,17.276428,84.186325,34.40612,5.742999,47.906273,-58.218376,-63.169792,1.8002952,36.736233,51.438156,13.197029,0.0,0.0,110.83539,-54.253826,70.40293,84.50323,10.251028,0.0,0.0
387,6.09666,0.9383863,-7.228645,-54.322636,-6.853927,-3.2953248,-1.2303096,5.8804646,-11.09046,5.812303,-17.860521,2.2019577,-3.86518,-7.438429,-20.755056,9.564039,52.710983,87.96876,0.0,0.0,-8.397547,-18.060642,-8.282232,61.725372,80.56336,0.0,0.0,124.4038,13.223819,-41.28591,122.89881,83.42787,-111.6864,-55.995102,15.35109,84.71363,33.335476,7.2627106,44.214455,-51.51221,-68.86057,2.1959536,25.111458,54.875298,11.124769,0.0,0.0,118.20576,-55.38005,75.07557,81.652855,21.818981,0.0,0.0
388,7.3373604,1.0648402,-7.645128,-52.966724,-5.968752,-4.362711,-1.7980679,6.0436435,-10.236904,6.1330214,-17.773035,2.6383152,-4.3721905,-8.129531,-20.727835,9.759461,53.258823,88.11598,0.0,0.0,-7.1601696,-18.614084,-7.527168,62.530357,80.91806,0.0,0.0,114.62874,9.096227,-33.4334,153.54147,80.50895,-108.88346,-50.67692,11.983142,85.14838,33.015324,8.817977,37.165802,-42.851765,-74.39595,3.5413835,12.474496,56.62767,7.5933495,0.0,0.0,124.204605,-56.655937,80.85867,78.06471,25.16393,0.0,0.0
389,8.42684,1.1033722,-7.9477963,-51.291153,-5.1609483,-5.487965,-2.2644174,6.168531,-9.314994,6.4586463,-17.667496,2.958819,-4.7274556,-8.900196,-20.678474,9.795179,53.804577,88.08294,0.0,0.0,-5.8913965,-19.173384,-6.7023425,63.290867,81.28515,0.0,0.0,103.71604,3.0086544,-23.563284,183.89609,75.00709,-106.66142,-42.575104,7.716503,84.70188,33.3978,10.370821,27.538399,-33.636124,-79.39256,5.632593,-0.06683203,56.928177,3.64607,0.0,0.0,128.98776,-58.22598,87.62663,73.60691,21.21009,0.0,0.0
390,9.376933,1.0764402,-8.114902,-49.30628,-4.452991,-6.6139717,-2.6289868,6.216501,-8.409628,6.7952247,-17.558277,3.1623027,-4.960782,-9.736285,-20.606485,9.6973,54.36054,88.006966,0.0,0.0,-4.596511,-19.749096,-5.801422,64.0134,81.566574,0.0,0.0,92.989365,-4.0511827,-13.233908,213.52988,68.60749,-103.175804,-33.02462,3.8434625,82.243996,34.16902,12.00879,16.809748,-26.262291,-82.95577,8.151895,-10.856763,56.04743,0.40808952,0.0,0.0,133.20251,-60.09787,94.64254,68.29317,13.798487,0.0,0.0
391,10.208988,0.9956568,-8.148503,-47.02635,-3.8471453,-7.685683,-2.8932278,6.1815777,-7.584862,7.1465564,-17.449709,3.2524405,-5.1167545,-10.615008,-20.510687,9.497977,54.927334,87.98068,0.0,0.0,-3.2732654,-20.349174,-4.822521,64.69375,81.69063,0.0,0.0,83.19697,-11.337367,-3.5768108,242.07664,62.724514,-97.54198,-23.121277,1.2662534,77.31278,35.056007,13.690928,6.12498,-22.226095,-84.54515,10.843837,-18.834414,54.17699,-1.4560931,0.0,0.0,137.2191,-62.21789,101.37409,62.31776,6.1828933,0.0,0.0
392,10.966014,0.84499395,-8.1077175,-44.474567,-3.2972987,-8.655726,-3.061872,6.1372833,-6.8517137,7.5111055,-17.321457,3.2435434,-5.2738757,-11.49334,-20.388023,9.242998,55.476616,87.98294,0.0,0.0,-1.9016906,-20.974993,-3.774268,65.30132,81.649475,0.0,0.0,73.6532,-18.705725,5.346803,269.35248,58.074936,-91.24179,-13.354175,-0.0866309,71.07799,35.89524,15.060109,-4.202922,-20.802195,-84.497734,13.608132,-24.400448,51.315277,-2.4007752,0.0,0.0,140.71721,-64.38892,107.808105,56.30675,0.080497846,0.0,0.0
393,11.688967,0.6063915,-8.052789,-41.670666,-2.7526875,-9.486596,-3.1403975,6.1607056,-6.210466,7.8867407,-17.152666,3.150309,-5.5078373,-12.3299055,-20.235357,8.976607,55.978237,87.97786,0.0,0.0,-0.46121842,-21.627495,-2.6648798,65.80716,81.45369,0.0,0.0,63.51197,-26.124992,13.597926,295.18005,55.196102,-86.01107,-4.0956182,-0.4302425,64.86769,36.567856,15.733294,-14.001932,-20.948933,-83.28638,16.371426,-28.188099,47.45336,-3.0143547,0.0,0.0,143.30879,-66.366104,113.9588,50.895668,-3.0571065,0.0,0.0
394,12.3458605,0.290425,-7.960742,-38.630627,-2.2012591,-10.22726,-3.1365378,6.2334332,-5.6392083,8.266875,-16.961725,2.976008,-5.799511,-13.122355,-20.05478,8.706846,56.42221,87.954544,0.0,0.0,1.019495,-22.302094,-1.4999828,66.23756,81.221054,0.0,0.0,52.712936,-33.703243,20.677397,318.70352,53.79112,-82.54921,4.4308977,0.030726735,59.15406,37.27005,15.562984,-23.132195,-21.767115,-81.47599,19.056688,-30.954092,42.90205,-3.5088027,0.0,0.0,144.96724,-67.56946,119.16591,46.183174,-2.18143,0.0,0.0
395,12.862684,-0.07554625,-7.7554,-35.351353,-1.6524054,-10.986643,-3.0599391,6.2764072,-5.0981073,8.644371,-16.79097,2.716089,-6.0707936,-13.898237,-19.850779,8.417055,56.81447,87.91806,0.0,0.0,2.489123,-22.99456,-0.27696216,66.657036,81.136185,0.0,0.0,41.637245,-41.680912,25.778873,338.79074,53.015003,-80.86077,12.152328,1.0971189,53.824955,38.402615,14.556648,-31.532871,-22.451668,-79.6814,21.6012,-33.554718,38.1523,-3.859276,0.0,0.0,145.91203,-67.21909,122.37826,41.892773,3.4715583,0.0,0.0
396,13.201634,-0.4829957,-7.415675,-31.85709,-1.113605,-11.826757,-2.9183948,6.2516975,-4.567783,9.020117,-16.666183,2.3709965,-6.2774553,-14.6756525,-19.626213,8.092606,57.160625,87.87391,0.0,0.0,3.919071,-23.68944,0.9888076,67.096634,81.3064,0.0,0.0,30.88972,-50.03781,28.030735,354.313,52.43409,-80.67318,18.852272,2.8487244,48.684387,40.303375,12.803422,-38.963924,-22.601965,-78.23783,23.933735,-36.49536,33.563072,-4.0209665,0.0,0.0,146.29945,-64.872986,123.00658,37.774403,12.723021,0.0,0.0
397,13.41653,-0.97026086,-7.0558124,-28.23072,-0.58519524,-12.696463,-2.7155123,6.2232766,-4.076972,9.415609,-16.571672,1.9534069,-6.4601793,-15.45134,-19.379412,7.7239165,57.46658,87.82804,0.0,0.0,5.341031,-24.346075,2.2414126,67.50662,81.64883,0.0,0.0,21.569603,-58.140263,26.441849,364.2429,52.620464,-81.05099,23.990925,6.0382295,43.33618,43.15214,10.587511,-44.77949,-22.791857,-76.79916,25.97051,-39.44171,29.156116,-3.9120526,0.0,0.0,146.13286,-60.92178,121.61512,33.63874,19.684914,0.0,0.0
398,13.571956,-1.5783899,-6.802145,-24.557121,-0.06374419,-13.533674,-2.4556246,6.266131,-3.6587896,9.854792,-16.487162,1.4781373,-6.669239,-16.219265,-19.108482,7.3040624,57.737743,87.78605,0.0,0.0,6.793284,-24.924414,3.4257705,67.83076,82.04882,0.0,0.0,14.786193,-65.226875,20.080463,367.58984,54.214256,-81.03346,26.984344,11.402003,37.384388,47.07695,8.194246,-48.29253,-23.665588,-74.93354,27.628782,-41.95175,24.895412,-3.4618876,0.0,0.0,145.3672,-55.86174,118.88278,29.343775,18.441963,0.0,0.0
399,13.697621,-2.2880344,-6.692615,-20.909134,0.4760563,-14.329012,-2.163472,6.406584,-3.3214197,10.346367,-16.412006,0.9724771,-6.9163713,-16.964516,-18.821604,6.8557677,57.968987,87.74961,0.0,0.0,8.261128,-25.424822,4.545097,68.07049,82.34353,0.0,0.0,11.019641,-70.00227,9.049998,363.6061,56.8843,-80.50354,27.25873,18.232117,30.886742,51.804104,5.6327214,-48.992756,-24.994276,-72.42386,28.832983,-43.738007,20.730541,-2.801475,0.0,0.0,143.68315,-50.07892,114.896805,25.26363,10.877956,0.0,0.0
400,13.8019,-3.0449588,-6.707219,-17.329863,1.0764658,-15.11173,-1.875233,6.6400824,-3.0546126,10.891913,-16.357557,0.46879807,-7.189946,-17.671164,-18.531727,6.418074,58.150105,87.717705,0.0,0.0,9.704809,-25.876871,5.6468053,68.26601,82.342575,0.0,0.0,10.306482,-70.876854,-5.923795,351.72195,59.69158,-79.88205,24.267033,24.932947,24.154537,56.827526,2.7218416,-46.505775,-25.998293,-69.17891,29.5221,-44.626656,16.57608,-2.1877162,0.0,0.0,140.58282,-43.858177,109.35101,22.074184,3.8358335,0.0,0.0
401,13.899341,-3.793983,-6.841905,-13.880784,1.7506844,-15.901596,-1.6278434,6.9537516,-2.851141,11.49015,-16.334364,0.00077300984,-7.4752035,-18.329758,-18.246689,6.0101395,58.27808,87.69418,0.0,0.0,11.092825,-26.29469,6.745387,68.45013,82.01725,0.0,0.0,12.614263,-66.79847,-24.395967,331.41833,62.350677,-79.411385,17.76015,30.218258,17.406849,61.71172,-0.59783334,-40.69301,-26.171032,-65.02357,29.576616,-44.27329,12.245197,-1.9019212,0.0,0.0,135.7304,-37.429115,102.017204,20.059355,1.5982548,0.0,0.0
402,14.020835,-4.4806848,-7.1325164,-10.6577015,2.4424953,-16.696556,-1.4589032,7.315751,-2.7103941,12.134426,-16.350286,-0.39636743,-7.751307,-18.948952,-17.960947,5.6011186,58.368484,87.6948,0.0,0.0,12.419085,-26.655766,7.777671,68.637375,81.7327,0.0,0.0,17.735346,-58.052013,-46.638012,302.31284,66.18539,-78.88178,8.222329,33.598797,10.612175,66.2117,-4.0909934,-31.996387,-25.689993,-59.5695,28.74053,-41.92456,7.2934184,-2.2787404,0.0,0.0,129.18788,-30.87721,92.86459,18.528982,2.0649912,0.0,0.0
403,14.199832,-5.0520144,-7.62229,-7.7573495,3.093203,-17.491879,-1.4050183,7.6925144,-2.6330185,12.8182125,-16.411707,-0.6884691,-7.9988613,-19.537546,-17.668688,5.159572,58.436314,87.731415,0.0,0.0,13.681433,-26.934837,8.674649,68.83753,81.867676,0.0,0.0,25.387308,-45.22431,-72.90051,264.0996,72.70815,-78.03663,-3.6975167,34.770123,3.7066615,70.10773,-7.4823303,-20.990892,-24.828503,-52.431732,26.753178,-36.82278,1.2692086,-3.5759935,0.0,0.0,121.075165,-24.270006,81.92279,16.684723,2.347012,0.0,0.0
404,14.467566,-5.4603605,-8.361027,-5.2771006,3.7227855,-18.27523,-1.4902126,8.056318,-2.6236987,13.533181,-16.51114,-0.8521444,-8.221243,-20.065002,-17.38898,4.740394,58.45766,87.74988,0.0,0.0,14.85785,-27.133186,9.417956,69.03337,82.28051,0.0,0.0,34.57618,-30.341402,-101.48311,217.86029,82.71535,-76.86946,-16.485823,34.186954,-3.195471,73.08227,-10.481603,-8.997397,-23.811518,-43.766243,23.577246,-28.969255,-5.80593,-5.050205,0.0,0.0,111.65231,-17.831335,69.78349,14.182864,1.3781729,0.0,0.0
405,14.854807,-5.665236,-9.405465,-3.2970755,4.40535,-19.034245,-1.7300229,8.385504,-2.6891928,14.273946,-16.632643,-0.87274396,-8.437822,-20.47933,-17.154955,4.4506984,58.38429,87.65453,0.0,0.0,15.921296,-27.270702,10.026961,69.191696,82.49914,0.0,0.0,43.90078,-16.266474,-129.59503,165.33533,96.57598,-75.52817,-28.151722,32.79478,-9.907973,74.77956,-12.809903,2.2556322,-22.827198,-34.031933,19.306868,-18.820553,-13.64423,-5.3296876,0.0,0.0,101.220116,-11.844644,57.330452,10.960077,-0.73955184,0.0,0.0
406,15.370713,-5.6661572,-10.792578,-1.8849292,5.2331944,-19.76385,-2.1173508,8.671805,-2.8309515,15.029965,-16.764536,-0.7537907,-8.660817,-20.749598,-16.989399,4.3547215,58.188374,87.42842,0.0,0.0,16.85462,-27.36134,10.516407,69.29,82.27704,0.0,0.0,51.9165,-5.266152,-152.89067,109.00354,112.1965,-74.08129,-37.02349,31.412025,-16.257477,74.89643,-14.2032585,11.271649,-21.905043,-23.842522,14.205428,-7.1483035,-21.842924,-3.631605,0.0,0.0,90.068474,-6.5429564,45.32327,7.1944427,-3.3787677,0.0,0.0
407,15.972605,-5.561217,-12.512384,-1.0692658,6.3426657,-20.47909,-2.5902495,8.940303,-3.037154,15.78018,-16.905952,-0.54355824,-8.885326,-20.898571,-16.888624,4.409514,57.892654,87.24694,0.0,0.0,17.668823,-27.404964,10.891383,69.33291,81.92646,0.0,0.0,57.10955,1.9043983,-163.37654,53.001865,121.551544,-72.397156,-42.254745,30.537413,-22.125826,73.27165,-14.444239,17.16268,-20.68952,-14.155493,8.936821,4.54193,-29.747952,-0.62630206,0.0,0.0,78.436386,-2.014424,34.178135,3.6329186,-4.6825495,0.0,0.0
408,16.609478,-5.457668,-14.519233,-0.8637027,7.840068,-21.195782,-3.0802255,9.219808,-3.294665,16.502138,-17.056198,-0.2966173,-9.10343,-20.956888,-16.844322,4.5583096,57.526405,87.29415,0.0,0.0,18.377909,-27.400318,11.15689,69.33004,81.812164,0.0,0.0,58.10203,4.881312,-153.32347,1.6025403,116.15742,-70.30521,-43.25209,30.550032,-27.427753,69.77746,-13.336621,19.269224,-18.810959,-5.8835683,4.173575,14.766016,-36.740807,2.7530043,0.0,0.0,66.49947,1.6845428,24.18675,1.0649979,-2.89708,0.0,0.0
409,17.223986,-5.399953,-16.440216,-1.1770426,9.413762,-21.905106,-3.537591,9.525488,-3.5982485,17.176111,-17.19842,-0.06333079,-9.301979,-20.954046,-16.84036,4.7686176,57.107147,87.52609,0.0,0.0,18.983068,-27.357197,11.333528,69.30211,81.95009,0.0,0.0,55.18735,5.2162333,-124.200615,-42.240456,92.33203,-67.52598,-40.915253,31.001429,-32.36727,64.42079,-10.844383,18.514818,-16.390017,1.1672665,0.0006063808,23.545435,-43.046196,5.0329595,0.0,0.0,53.776855,4.6181846,14.785639,-0.20111848,0.458867,0.0,0.0
410,17.752085,-5.3925395,-17.68564,-1.849274,10.478489,-22.57938,-3.9227357,9.862377,-3.9463346,17.781176,-17.304823,0.10768843,-9.46364,-20.918825,-16.855606,5.022508,56.64677,87.75202,0.0,0.0,19.474688,-27.292677,11.451092,69.27709,82.13257,0.0,0.0,49.743073,5.68438,-83.50532,-76.22957,49.594273,-63.723858,-37.111557,30.913095,-37.31177,57.320015,-7.046749,16.840302,-13.8722315,7.8673844,-3.8542063,31.825224,-49.400257,4.3897376,0.0,0.0,39.42637,6.915727,4.907047,-0.16101164,1.7638181,0.0,0.0
411,18.16364,-5.419761,-17.968473,-2.756854,10.65926,-23.1995,-4.2207866,10.222798,-4.3424444,18.300215,-17.356197,0.20045914,-9.581787,-20.85892,-16.882332,5.320113,56.144886,87.83529,0.0,0.0,19.834707,-27.217234,11.513406,69.274765,82.211784,0.0,0.0,42.855885,8.331691,-38.92141,-98.85914,-9.563653,-58.73681,-33.49249,29.756567,-42.641125,48.506462,-2.1541202,15.889852,-11.761229,14.813741,-7.507862,40.21569,-56.488537,0.3613897,0.0,0.0,22.95111,8.7524605,-6.1345353,0.9876007,-0.7634366,0.0,0.0
412,18.50437,-5.419459,-17.721521,-3.864624,10.083317,-23.760534,-4.471517,10.565644,-4.7992706,18.718355,-17.352964,0.27539364,-9.673742,-20.730955,-16.945528,5.7026525,55.575752,87.773476,0.0,0.0,20.018618,-27.125515,11.459147,69.295105,82.192085,0.0,0.0,34.891533,13.389776,1.370459,-110.04459,-75.37065,-52.85124,-31.171772,28.107334,-48.709003,37.847404,3.2870836,16.5572,-10.713567,21.842731,-10.644656,48.390484,-64.79042,-4.2333717,0.0,0.0,4.8302407,10.381539,-17.98517,2.585029,-4.407224,0.0,0.0
413,18.82488,-5.324502,-17.444563,-5.138982,8.944047,-24.258913,-4.7218475,10.848503,-5.3308153,19.020454,-17.298183,0.40108344,-9.759916,-20.488533,-17.07125,6.212591,54.91037,87.58942,0.0,0.0,19.981972,-27.010498,11.223977,69.33472,82.10065,0.0,0.0,26.113527,20.669481,29.603199,-110.17075,-137.39644,-46.413284,-31.05154,26.73709,-55.88014,25.150923,8.673548,19.499165,-11.353271,28.64312,-12.884235,55.813995,-74.67608,-6.308614,0.0,0.0,-14.279965,12.069383,-30.095587,3.9120462,-5.9565063,0.0,0.0
414,19.101727,-5.0896673,-17.175482,-6.4149685,7.3329897,-24.68145,-5.006991,11.070572,-5.9507184,19.183147,-17.191317,0.60968006,-9.855019,-20.136862,-17.242289,6.837128,54.125336,87.36667,0.0,0.0,19.724344,-26.872952,10.818904,69.385124,81.96723,0.0,0.0,16.830914,28.24936,43.565582,-102.47572,-190.06895,-39.68748,-32.526493,26.789492,-64.692314,9.813622,13.322485,23.937284,-13.679047,34.49533,-13.832317,61.12952,-85.613754,-5.3021603,0.0,0.0,-33.350525,14.097966,-41.438435,4.356716,-4.175997,0.0,0.0
415,19.263025,-4.685101,-16.658815,-7.4383802,5.284293,-25.007072,-5.353309,11.256765,-6.6695604,19.177217,-17.030088,0.9089753,-9.969702,-19.715813,-17.413002,7.5252185,53.204456,87.228455,0.0,0.0,19.274792,-26.719217,10.305036,69.43439,81.824036,0.0,0.0,7.424508,33.070267,44.552605,-92.06419,-230.68837,-32.91511,-34.02043,29.641216,-75.75393,-8.960752,16.480755,28.155975,-17.276773,38.395447,-13.083809,62.43712,-96.44667,-2.27297,0.0,0.0,-51.03025,16.749813,-50.632492,3.3748462,0.8931271,0.0,0.0
416,19.267443,-4.1440263,-15.849023,-8.094349,2.8406572,-25.234911,-5.7608733,11.451694,-7.502948,18.96996,-16.825064,1.2838814,-10.1187315,-19.267189,-17.54799,8.2157955,52.149124,87.24761,0.0,0.0,18.662542,-26.54857,9.734291,69.46827,81.72881,0.0,0.0,-1.4866914,33.373196,35.191425,-84.01578,-254.79002,-25.883415,-34.235615,35.57007,-89.880424,-32.143223,17.59262,30.962652,-21.363302,39.95906,-10.600144,58.94759,-106.432846,1.4402683,0.0,0.0,-66.330734,20.265915,-56.850594,0.57720035,8.261824,0.0,0.0
417,19.146381,-3.6538424,-15.222401,-8.595114,0.08334031,-25.408768,-6.1636724,11.744321,-8.472657,18.518433,-16.618958,1.6629212,-10.326082,-18.839592,-17.635994,8.8187275,51.010746,87.37575,0.0,0.0,17.918331,-26.3443,9.13836,69.46657,81.80256,0.0,0.0,-8.614632,30.505976,21.029758,-83.35469,-252.95596,-17.349897,-32.56995,42.19019,-108.30117,-60.97178,16.531765,32.420486,-24.256351,40.248367,-7.217218,52.518482,-115.7461,3.877794,0.0,0.0,-78.95562,24.767532,-60.499367,-4.060931,14.684168,0.0,0.0
418,18.943428,-3.4042115,-15.273729,-9.194513,-2.8639183,-25.570772,-6.490858,12.218759,-9.605365,17.776365,-16.45684,1.973725,-10.611208,-18.476383,-17.67098,9.249855,49.84233,87.545654,0.0,0.0,17.072332,-26.087921,8.543682,69.40866,82.15278,0.0,0.0,-12.771048,26.326933,7.9330754,-94.408554,-216.33311,-5.9555717,-28.595268,46.707592,-132.19743,-96.65754,13.272027,32.791176,-24.178013,40.476635,-3.8494184,45.231537,-124.61236,3.2270947,0.0,0.0,-88.72759,30.324108,-62.146824,-10.484219,16.904234,0.0,0.0
419,18.717098,-3.3485663,-15.822475,-10.065231,-5.4554534,-25.66676,-6.7282777,12.828171,-10.974097,16.674675,-16.356043,2.229658,-10.926236,-18.149364,-17.665636,9.542158,48.629982,87.68026,0.0,0.0,16.144882,-25.767572,7.950939,69.27872,82.62561,0.0,0.0,-15.035234,23.242706,0.39180186,-113.6424,-150.77103,9.248968,-22.684105,46.1782,-161.51584,-139.67699,8.187352,32.467247,-19.77252,41.114864,-0.8158293,37.209454,-132.28166,0.41937578,0.0,0.0,-95.6234,36.61858,-62.085938,-18.35201,15.390567,0.0,0.0
420,18.536356,-3.2895799,-16.254227,-11.32364,-6.8659263,-25.58074,-6.897014,13.439165,-12.675126,15.134929,-16.31658,2.4977098,-11.178853,-17.786114,-17.644634,9.802147,47.322605,87.69581,0.0,0.0,15.154254,-25.377129,7.3470283,69.06462,82.89832,0.0,0.0,-17.927326,24.018797,2.0378883,-132.40564,-71.83585,28.877459,-15.74839,37.575005,-195.2762,-189.83545,1.9315714,31.92574,-9.980775,42.155746,1.9316628,27.360384,-137.34756,-1.8486328,0.0,0.0,-99.69098,43.05782,-60.435715,-27.104599,13.001003,0.0,0.0
421,18.419561,-3.0853615,-16.177399,-12.97263,-6.6950397,-25.223295,-7.0103283,13.916857,-14.780121,13.074736,-16.33793,2.8171616,-11.287422,-17.34482,-17.622065,10.079242,45.90361,87.56527,0.0,0.0,14.122505,-24.914656,6.7337513,68.756004,82.81439,0.0,0.0,-23.800468,29.817175,13.548576,-143.40332,5.6077976,52.6517,-8.481594,19.97388,-231.8866,-245.94046,-4.968994,31.210026,5.1633344,43.316833,4.448579,14.887151,-138.51154,-1.8058772,0.0,0.0,-101.16304,48.988224,-57.231647,-36.133015,12.087762,0.0,0.0
422,18.264597,-2.73454,-15.750569,-14.734483,-5.553036,-24.570309,-7.058603,14.119766,-17.287056,10.412756,-16.420147,3.1555662,-11.194466,-16.862722,-17.58596,10.278758,44.453575,87.39752,0.0,0.0,13.090317,-24.391249,6.1555653,68.34769,82.620735,0.0,0.0,-34.527763,37.944798,28.57905,-142.6174,68.11639,78.001015,-1.0862246,-2.4678,-268.0185,-303.98434,-12.257541,29.313292,22.957792,43.66241,6.7624164,-0.16899139,-134.67674,0.040301904,0.0,0.0,-100.64066,53.555874,-52.3112,-44.638405,13.701508,0.0,0.0
423,17.9547,-2.2587829,-15.204111,-16.30309,-4.1672263,-23.612144,-7.029841,13.9223175,-20.178955,7.082325,-16.56387,3.4704678,-10.853024,-16.387228,-17.521683,10.290225,43.066086,87.31499,0.0,0.0,12.097817,-23.821022,5.6599665,67.83765,82.60572,0.0,0.0,-51.65117,45.261574,40.142628,-127.02669,103.63866,102.113716,6.3105717,-24.890179,-300.18268,-359.51392,-19.696535,25.174282,40.3335,42.251873,8.874229,-17.539738,-124.89701,2.7971425,0.0,0.0,-98.79704,55.922783,-45.538406,-51.816612,18.458042,0.0,0.0
424,17.410606,-1.7050613,-14.654509,-17.522835,-2.8814168,-22.393717,-6.9231052,13.391377,-23.390211,3.1852746,-16.77576,3.7261527,-10.295003,-15.948517,-17.42831,10.066626,41.821,87.36341,0.0,0.0,11.149019,-23.23106,5.2579236,67.25151,82.8451,0.0,0.0,-73.725426,50.07104,45.867317,-99.432014,113.56449,123.28896,13.599739,-43.03124,-325.94803,-407.6752,-26.801733,18.895208,54.548523,39.199593,10.522803,-35.763943,-109.592674,5.033966,0.0,0.0,-96.48816,55.76252,-37.417313,-57.11095,24.200645,0.0,0.0
425,16.575914,-1.1357923,-14.144856,-18.335112,-1.7930803,-20.992962,-6.7442665,12.715826,-26.828438,-1.0743873,-17.06672,3.8913934,-9.601805,-15.565304,-17.31355,9.600862,40.788216,87.539665,0.0,0.0,10.223735,-22.656038,4.936726,66.63178,83.279305,0.0,0.0,-97.42545,51.599873,46.327858,-66.3105,107.85453,140.55617,20.692553,-53.022453,-343.57767,-443.39142,-32.9376,11.311721,63.07924,35.289104,11.279724,-52.636715,-90.0328,4.977146,0.0,0.0,-94.68396,53.071445,-28.849737,-60.12637,27.005575,0.0,0.0
426,15.433761,-0.60264426,-13.706157,-18.7217,-0.95036954,-19.480438,-6.499769,12.055868,-30.386461,-5.5217104,-17.434832,3.9486883,-8.859888,-15.247231,-17.189165,8.918085,40.017067,87.78391,0.0,0.0,9.3054,-22.12764,4.686566,66.01345,83.804565,0.0,0.0,-119.35168,49.502758,42.440285,-33.60404,95.32714,153.62718,27.56543,-52.84728,-352.03485,-461.26035,-37.346348,3.2360187,64.4566,31.36143,10.761422,-65.71903,-68.06217,1.7722845,0.0,0.0,-93.93556,48.11727,-20.517553,-60.914623,24.26187,0.0,0.0
427,14.051552,-0.123309724,-13.3365,-18.7684,-0.27792317,-17.889524,-6.194861,11.488333,-33.966045,-10.110547,-17.850714,3.9156845,-8.156947,-14.9776,-17.07493,8.11394,39.494514,87.90308,0.0,0.0,8.37562,-21.662676,4.501671,65.4047,84.22119,0.0,0.0,-136.30644,44.45299,35.83074,-5.3750906,81.584656,164.05405,34.440968,-45.087543,-352.17,-455.55167,-39.05808,-4.7040753,59.865818,28.31844,8.709384,-72.250916,-46.633495,-3.1933105,0.0,0.0,-93.75032,41.77613,-12.443888,-60.64013,16.650629,0.0,0.0
428,12.512923,0.2885775,-13.0309725,-18.575184,0.31388938,-16.246517,-5.833756,11.075494,-37.467804,-14.781135,-18.279385,3.8140392,-7.577106,-14.735969,-16.99164,7.29454,39.197124,87.71189,0.0,0.0,7.4199953,-21.275797,4.37933,64.80992,84.33423,0.0,0.0,-145.34312,37.28854,28.193071,14.831443,71.4225,173.54286,41.523098,-33.03085,-345.13956,-420.68814,-37.16263,-11.919525,50.937866,26.995237,4.9193683,-69.74998,-28.670387,-8.212455,0.0,0.0,-93.52418,35.03323,-4.6660156,-60.576603,5.5618563,0.0,0.0
429,10.929966,0.6197677,-12.795362,-18.247597,0.8921235,-14.532461,-5.4078264,10.841234,-40.832394,-19.182373,-18.673698,3.6557844,-7.1480994,-14.495439,-16.956003,6.558623,39.065853,87.34358,0.0,0.0,6.4542427,-20.970177,4.3380313,64.22241,84.17381,0.0,0.0,-146.5327,29.062689,20.837746,26.862852,65.82042,182.81917,48.527966,-20.516777,-332.82413,-354.2533,-31.93106,-18.099073,40.126938,27.281544,-0.37867823,-59.826717,-14.5093355,-11.699904,0.0,0.0,-93.106575,29.055046,1.6685232,-61.43815,-4.9891157,0.0,0.0
430,9.431069,0.85752225,-12.642107,-17.894234,1.5101181,-12.697244,-4.899605,10.784803,-44.02988,-22.780954,-18.979095,3.4465196,-6.861304,-14.22469,-16.982176,5.999537,39.018963,87.13432,0.0,0.0,5.5121384,-20.741371,4.4098186,63.62771,83.91352,0.0,0.0,-141.86586,20.956219,14.823069,32.738277,63.318645,191.99251,54.867157,-11.7265,-317.54468,-255.72972,-24.378971,-23.114464,30.40046,28.465233,-6.685516,-46.68765,-2.8213165,-12.149043,0.0,0.0,-92.63621,25.118874,4.7066946,-63.584183,-9.317824,0.0,0.0
431,8.099454,1.0004258,-12.563534,-17.587412,2.189206,-10.724715,-4.307274,10.857285,-47.03633,-25.101894,-19.16194,3.193078,-6.686949,-13.909782,-17.08068,5.6648984,39.010437,87.246826,0.0,0.0,4.611182,-20.567158,4.5768557,63.009926,83.70288,0.0,0.0,-133.46292,13.939942,10.861836,34.628605,62.424374,200.90527,59.92434,-9.498779,-300.73907,-131.22923,-15.578723,-26.882029,23.885944,29.961966,-13.472141,-33.801395,7.5129104,-8.8945055,0.0,0.0,-92.27348,23.889736,3.4925559,-67.11559,-4.552762,0.0,0.0
432,6.88921,1.0774053,-12.501131,-17.306742,2.8814065,-8.659163,-3.6608472,10.893542,-49.88134,-25.864597,-19.243465,2.9028387,-6.5420294,-13.575682,-17.253649,5.4846625,39.08137,87.412384,0.0,0.0,3.7168381,-20.379772,4.7008915,62.342617,83.62375,0.0,0.0,-123.61351,8.36622,8.762767,35.049732,61.63608,208.89197,63.108246,-13.289473,-281.48785,-1.57791,-6.6111703,-29.481218,20.52736,31.538124,-20.22958,-22.568073,17.180103,-3.3121796,0.0,0.0,-92.21354,24.49443,-0.6892562,-71.548355,5.235294,0.0,0.0
433,5.741854,1.1200802,-12.3953705,-17.01901,3.530863,-6.552975,-2.9954314,10.7257595,-52.589977,-24.864927,-19.251116,2.584287,-6.3433003,-13.250683,-17.500956,5.3759937,39.281395,87.33284,0.0,0.0,2.79203,-20.11227,4.6402225,61.60153,83.7402,0.0,0.0,-114.5457,4.455244,8.242006,36.41514,59.564163,215.16888,63.899776,-22.001364,-258.553,110.88916,1.4579556,-31.045008,19.94491,33.012703,-26.454046,-14.023484,26.75419,2.9463859,0.0,0.0,-92.63898,25.86078,-6.262756,-76.290016,15.122345,0.0,0.0
434,4.6429806,1.1449145,-12.257812,-16.694307,4.1213293,-4.412616,-2.3407972,10.350659,-55.110413,-22.52667,-19.197258,2.2538168,-6.08849,-12.929883,-17.81065,5.2964816,39.608562,87.09951,0.0,0.0,1.8397377,-19.779491,4.4189553,60.79321,84.02239,0.0,0.0,-107.43696,1.7938023,9.355804,39.535435,56.049076,218.64685,62.701427,-33.725792,-230.76085,193.31126,7.8895707,-32.153862,21.54347,34.23111,-31.788918,-8.286989,36.501427,8.502466,0.0,0.0,-93.51905,27.151287,-12.02817,-80.53182,22.053173,0.0,0.0
435,3.6062834,1.1586733,-12.145297,-16.304869,4.661853,-2.2153327,-1.7232666,9.869966,-57.34173,-19.674206,-19.084663,1.9328239,-5.8269763,-12.587215,-18.163248,5.2295656,40.028008,87.05196,0.0,0.0,0.888482,-19.448433,4.1669755,59.943924,84.38053,0.0,0.0,-102.79288,-0.43536046,12.376959,44.19668,51.71698,218.04274,60.503746,-46.0379,-196.9813,238.89755,12.153935,-33.673275,24.590818,35.05581,-35.972004,-4.892695,46.491306,12.152583,0.0,0.0,-94.68703,27.67974,-17.028599,-83.32779,24.170324,0.0,0.0
436,2.6263294,1.1626407,-12.073161,-15.8323345,5.1586094,0.026478011,-1.1550937,9.347986,-59.19329,-16.950645,-18.925602,1.6252221,-5.5820785,-12.21158,-18.543716,5.166662,40.52248,87.3566,0.0,0.0,-0.049607478,-19.163183,3.966099,59.079063,84.72649,0.0,0.0,-100.88649,-2.858126,17.347977,50.012184,47.1515,212.44162,58.070953,-57.229523,-156.89638,246.38791,13.937522,-36.19069,28.504477,35.40939,-38.88023,-3.4380486,56.737534,13.000289,0.0,0.0,-96.07391,27.202898,-21.13156,-84.046265,20.870707,0.0,0.0
437,1.6564647,1.1451597,-11.954456,-15.284424,5.6066008,2.1989336,-0.61813945,8.757495,-60.58997,-14.560387,-18.756935,1.2942598,-5.3133373,-11.831636,-18.945553,5.117957,41.11537,87.74625,0.0,0.0,-0.9970622,-18.911856,3.778351,58.226852,84.97631,0.0,0.0,-101.45899,-5.6027308,23.70624,56.17515,42.832413,201.87875,55.610348,-67.28339,-112.438416,227.75322,13.437432,-39.58768,33.043774,35.358578,-40.708347,-3.7032237,67.05771,10.888895,0.0,0.0,-97.84406,26.553295,-26.17307,-82.82462,14.585498,0.0,0.0
438,0.643121,1.093297,-11.695304,-14.671259,6.002696,4.1890116,-0.08927189,8.05884,-61.47265,-12.617808,-18.616745,0.8990646,-4.9733853,-11.477609,-19.364683,5.092897,41.83514,87.915565,0.0,0.0,-1.9830817,-18.673174,3.5474987,57.410942,85.05775,0.0,0.0,-104.121,-8.698203,30.727062,61.888157,39.196426,186.65047,53.21671,-76.38262,-65.731705,196.65141,10.972756,-43.598667,37.971584,35.022827,-41.71869,-5.448588,77.24875,5.9362173,0.0,0.0,-100.16336,26.659035,-34.14427,-79.92977,8.134765,0.0,0.0
439,-0.42810678,1.0011498,-11.299443,-14.008862,6.359366,5.954668,0.43189007,7.251299,-61.844162,-11.0924835,-18.523174,0.43567073,-4.556126,-11.14853,-19.791601,5.0636806,42.67549,87.84467,0.0,0.0,-3.0080748,-18.427927,3.222097,56.64059,85.00673,0.0,0.0,-108.00185,-11.768867,36.6186,66.886826,36.59485,168.66866,50.766815,-83.561356,-19.228775,163.0611,7.2884765,-47.35571,42.316364,34.86097,-42.25717,-7.976489,86.69811,0.08309895,0.0,0.0,-102.75272,27.737066,-45.27321,-75.75425,3.7825112,0.0,0.0
440,-1.5473787,0.86733925,-10.832925,-13.316661,6.6994376,7.5010004,0.9316609,6.358672,-61.74857,-9.859284,-18.481487,-0.07653262,-4.0816665,-10.823228,-20.213636,4.9787555,43.608253,87.696,0.0,0.0,-4.054807,-18.157999,2.7536316,55.915226,84.9285,0.0,0.0,-111.92138,-14.18246,38.9139,71.25111,35.320133,150.87274,47.996277,-87.13106,24.439756,134.62189,3.4034572,-49.608646,44.641888,35.54791,-42.725628,-10.295276,94.540985,-3.5681787,0.0,0.0,-105.050125,29.549568,-58.663425,-70.772095,3.4312425,0.0,0.0
441,-2.7040055,0.69819206,-10.364674,-12.603192,7.042166,8.852662,1.3991665,5.419568,-61.235218,-8.797795,-18.488781,-0.6126844,-3.5792816,-10.480811,-20.627043,4.818131,44.6062,87.59247,0.0,0.0,-5.11268,-17.851597,2.108218,55.23514,84.911156,0.0,0.0,-114.89354,-15.366048,36.262875,74.95337,35.40959,135.44876,44.618748,-86.10691,63.532238,116.334984,0.15572083,-49.435192,44.074364,37.387695,-43.456364,-11.562798,100.37899,-3.528565,0.0,0.0,-106.61136,31.731005,-72.921844,-65.396545,7.179529,0.0,0.0
442,-3.8784611,0.51977205,-9.971223,-11.855143,7.395433,10.071417,1.8278964,4.5138946,-60.368916,-7.809503,-18.522675,-1.1319584,-3.1028621,-10.104167,-21.04716,4.6406717,45.6385,87.5543,0.0,0.0,-6.180888,-17.514345,1.2920601,54.607582,84.99826,0.0,0.0,-116.39871,-14.895933,30.084444,77.667755,36.279415,122.808105,40.32385,-81.259315,98.22575,106.98055,-2.0471072,-46.731422,41.13513,39.75992,-44.605,-11.305912,104.9228,-2.2834759,0.0,0.0,-107.280975,33.608356,-85.397385,-59.926224,10.723253,0.0,0.0
443,-5.0548563,0.35997912,-9.721119,-11.056289,7.7661963,11.225684,2.2130816,3.7181964,-59.211582,-6.79978,-18.559082,-1.5949194,-2.7038157,-9.677791,-21.49269,4.5120873,46.681236,87.581764,0.0,0.0,-7.2632313,-17.153822,0.31942445,54.037292,85.215546,0.0,0.0,-116.05253,-12.433221,22.221458,79.07657,37.27272,112.94469,34.805084,-73.68771,129.20107,104.26017,-2.9019036,-41.57436,36.60472,41.947285,-46.28139,-9.192397,109.00018,-2.6278882,0.0,0.0,-106.978424,34.52441,-93.50069,-54.601578,9.54802,0.0,0.0
444,-6.216912,0.24259001,-9.602528,-10.229225,8.153436,12.329761,2.539074,3.0471709,-57.788746,-5.733214,-18.587305,-1.9784051,-2.3884673,-9.214679,-21.96803,4.450241,47.74658,87.62755,0.0,0.0,-8.347407,-16.7852,-0.74057615,53.5228,85.462135,0.0,0.0,-114.0647,-8.284029,14.771335,79.27285,37.95068,104.87877,27.99966,-65.30081,157.68144,105.0778,-2.3984675,-34.710197,31.871279,43.607075,-48.339935,-5.7997694,112.59718,-4.1359825,0.0,0.0,-105.90462,34.412655,-96.75972,-49.45899,4.0222173,0.0,0.0
445,-7.3490033,0.18859236,-9.551908,-9.42074,8.551285,13.36449,2.7836742,2.4752574,-56.102455,-4.6114116,-18.605185,-2.2700975,-2.1339293,-8.745748,-22.46877,4.4423184,48.870426,87.61395,0.0,0.0,-9.411674,-16.42826,-1.7843157,53.058105,85.55653,0.0,0.0,-111.02682,-3.1675045,9.990713,78.61499,38.013992,96.99698,19.998112,-58.52307,185.26772,105.81147,-0.7166299,-27.312353,28.70964,44.637558,-50.47257,-2.2866502,115.167694,-4.32946,0.0,0.0,-104.44162,33.585613,-96.06659,-44.401066,-2.3681676,0.0,0.0
446,-8.441784,0.20796286,-9.511621,-8.65706,8.951037,14.313758,2.9319577,1.9677281,-54.147713,-3.4564679,-18.607561,-2.4695296,-1.9084796,-8.292138,-22.990917,4.471039,50.06507,87.51336,0.0,0.0,-10.444361,-16.096169,-2.7390218,52.63954,85.411674,0.0,0.0,-107.390755,2.364035,9.108998,77.3885,37.361893,88.14011,10.872104,-55.062706,213.17531,103.454704,1.9515563,-20.182291,28.194183,45.149826,-52.461617,0.69175225,116.265785,-1.9783776,0.0,0.0,-102.90065,32.353794,-92.450356,-39.541065,-7.2591333,0.0,0.0
447,-9.493986,0.28374612,-9.440687,-7.9184446,9.33462,15.164064,2.9861608,1.4724046,-51.91685,-2.3465142,-18.581661,-2.603478,-1.6615278,-7.853482,-23.528389,4.5092187,51.276455,87.421776,0.0,0.0,-11.451885,-15.787952,-3.6021514,52.27195,85.17457,0.0,0.0,-103.279,8.142686,10.8503475,75.700554,36.37641,78.338715,0.704147,-54.882416,241.48245,96.540634,5.3721805,-13.247133,29.679438,45.760258,-54.302742,3.7080805,115.70587,1.0114417,0.0,0.0,-101.42394,31.016802,-87.248566,-35.541084,-11.107689,0.0,0.0
448,-10.509406,0.3970068,-9.304175,-7.1778626,9.686525,15.906775,2.9503524,0.9354733,-49.394596,-1.3609138,-18.514322,-2.7005365,-1.3437113,-7.4229074,-24.077463,4.53285,52.44903,87.44153,0.0,0.0,-12.447176,-15.498742,-4.386895,51.957165,85.01125,0.0,0.0,-98.78526,14.087381,13.64305,73.624115,35.498238,67.75361,-10.437489,-57.63219,270.1555,84.052826,9.292919,-6.272155,32.274162,47.10898,-56.02607,7.4652095,113.40295,2.4351826,0.0,0.0,-100.12973,29.871363,-81.83181,-33.00271,-14.662633,0.0,0.0
449,-11.481877,0.5513558,-9.109628,-6.4407887,10.016676,16.537025,2.8124022,0.33886692,-46.577534,-0.55549955,-18.40037,-2.7535815,-0.9625485,-6.97814,-24.639414,4.5696974,53.564312,87.54238,0.0,0.0,-13.435825,-15.219642,-5.1192136,51.668903,84.913506,0.0,0.0,-94.41318,20.183615,16.84944,71.20272,35.049652,56.439945,-22.22164,-62.547993,298.4446,67.586754,13.192781,0.987873,35.23791,49.22617,-57.593422,11.92114,109.913956,1.8848525,0.0,0.0,-99.22706,29.26255,-77.60218,-31.147427,-16.95778,0.0,0.0
450,-12.399781,0.764775,-8.891642,-5.7328286,10.35153,17.053118,2.5500207,-0.31307015,-43.46848,0.02993058,-18.239765,-2.7328887,-0.5616681,-6.486757,-25.219103,4.680518,54.62839,87.609406,0.0,0.0,-14.419568,-14.938924,-5.833999,51.36271,84.76201,0.0,0.0,-90.92488,26.463129,20.426395,68.46039,35.2767,44.379803,-34.155483,-68.596794,325.16354,50.40462,16.381514,8.789872,37.92586,51.752716,-58.924583,16.560179,106.20676,0.10112916,0.0,0.0,-98.981155,29.564512,-75.97658,-28.313211,-15.939562,0.0,0.0
451,-13.265419,1.0487247,-8.6701565,-5.069737,10.708953,17.451439,2.152813,-1.0191339,-40.085274,0.39071923,-18.0404,-2.6183174,-0.16970211,-5.9334273,-25.817188,4.896235,55.64937,87.57412,0.0,0.0,-15.401961,-14.64613,-6.564024,51.029594,84.513466,0.0,0.0,-88.82781,32.811275,24.323309,65.4277,36.306442,31.859367,-45.61466,-74.61189,349.00058,35.281094,18.379932,17.16509,39.922916,54.27302,-59.921055,20.756973,103.03338,-2.236059,0.0,0.0,-99.43325,30.83196,-77.235245,-23.499243,-10.773028,0.0,0.0
452,-14.116203,1.3987131,-8.428105,-4.4417925,11.085748,17.72386,1.6390042,-1.7876154,-36.477493,0.60719043,-17.828981,-2.4136057,0.22307223,-5.3440313,-26.424725,5.17432,56.640457,87.48404,0.0,0.0,-16.392374,-14.333607,-7.337542,50.747196,84.31355,0.0,0.0,-88.00011,38.76258,28.453064,62.14789,37.982224,19.89293,-55.672554,-79.116264,368.37628,23.728888,19.228863,25.605946,41.370003,56.251415,-60.44191,23.640703,100.602585,-4.6425166,0.0,0.0,-100.07872,32.3438,-78.89657,-17.338531,-3.6188414,0.0,0.0
453,-14.988513,1.8063055,-8.144835,-3.839168,11.474939,17.863216,1.0334749,-2.6208467,-32.713665,0.76751995,-17.633823,-2.126763,0.6296363,-4.7515593,-27.029413,5.461734,57.611828,87.40025,0.0,0.0,-17.395935,-13.996731,-8.173207,50.599106,84.32063,0.0,0.0,-88.20963,43.754864,32.678593,58.67272,40.10278,9.619279,-63.33763,-80.64061,381.6444,17.026264,19.05744,33.473083,42.46429,57.18185,-60.34213,24.378578,99.00942,-6.716016,0.0,0.0,-100.34643,33.30861,-78.24769,-10.735619,2.9471724,0.0,0.0
454,-15.887096,2.26234,-7.8102474,-3.2647865,11.880367,17.893318,0.3629809,-3.473633,-28.851032,0.9132716,-17.459093,-1.7634866,1.0534314,-4.171516,-27.626007,5.7245326,58.577087,87.33563,0.0,0.0,-18.40654,-13.645737,-9.024334,50.57524,84.50509,0.0,0.0,-89.00716,47.00076,36.551792,54.97121,42.526474,1.7856406,-67.86698,-78.55012,387.75217,15.384099,18.150133,39.944042,43.161144,57.1976,-59.5245,23.12829,97.86127,-8.778895,0.0,0.0,-99.87218,33.53434,-74.74716,-4.607023,7.0821075,0.0,0.0
455,-16.793514,2.755964,-7.42184,-2.7319589,12.311447,17.856651,-0.34277388,-4.267835,-24.95236,1.0554543,-17.294329,-1.3286865,1.4904112,-3.6103067,-28.211596,5.9400325,59.548412,87.27257,0.0,0.0,-19.407394,-13.301414,-9.799924,50.60688,84.71824,0.0,0.0,-89.80892,47.547955,39.411713,50.97099,45.144043,-3.067258,-68.63904,-72.724434,385.95145,18.376741,16.886335,44.049473,43.256077,56.831913,-57.91989,20.667788,96.463425,-11.605438,0.0,0.0,-98.42138,33.205658,-69.23253,0.10280131,7.388636,0.0,0.0
456,-17.695078,3.2635803,-6.9879527,-2.2493873,12.774137,17.79252,-1.0491452,-4.95134,-21.092081,1.2200551,-17.133625,-0.84119797,1.932977,-3.0669758,-28.781115,6.0993257,60.52565,87.19298,0.0,0.0,-20.384192,-12.976518,-10.446377,50.643463,84.85166,0.0,0.0,-90.10619,44.750664,40.739597,46.60042,47.78921,-4.5954533,-65.25489,-63.183243,375.6942,25.380056,15.556634,45.026863,42.58176,56.508854,-55.450626,17.76527,94.1105,-15.324316,0.0,0.0,-95.79279,32.437313,-62.594944,2.8244233,3.5689006,0.0,0.0
457,-18.595037,3.7311873,-6.5424485,-1.8136909,13.266379,17.73169,-1.7103348,-5.537219,-17.368546,1.4710411,-16.982584,-0.35316786,2.3656888,-2.5223968,-29.324787,6.2266774,61.479683,87.0785,0.0,0.0,-21.330166,-12.66349,-11.003335,50.680935,84.89941,0.0,0.0,-89.57665,38.705097,40.368904,41.785286,50.15836,-2.9205022,-57.83993,-50.248257,356.87738,35.326736,14.230422,42.61667,41.064972,56.371216,-52.012337,15.137833,90.07677,-18.480047,0.0,0.0,-91.85541,31.157194,-55.79332,3.9011538,-2.0276208,0.0,0.0
458,-19.49405,4.101148,-6.1231346,-1.4222234,13.782765,17.703718,-2.276878,-6.0393624,-13.895717,1.8720928,-16.84841,0.078367844,2.7710702,-1.9589077,-29.830109,6.349254,62.374424,86.912224,0.0,0.0,-22.235264,-12.354554,-11.5182905,50.72112,84.869095,0.0,0.0,-87.94241,29.711264,38.247154,36.463753,51.926895,1.7164195,-46.72412,-34.468266,329.63477,46.958786,12.947811,36.728813,38.67693,56.498714,-47.526634,13.430321,83.72512,-19.420229,0.0,0.0,-86.52109,29.27777,-49.762234,3.7946596,-6.7028465,0.0,0.0
459,-20.37863,4.3485274,-5.7477636,-1.0810227,14.316892,17.73582,-2.7078815,-6.396735,-10.748462,2.4307854,-16.729837,0.42093748,3.1423807,-1.380885,-30.28717,6.4764347,63.18854,86.68823,0.0,0.0,-23.083794,-12.059308,-11.99494,50.755527,84.75036,0.0,0.0,-85.08792,18.82501,34.99892,30.488276,52.87783,8.602699,-33.302715,-17.835354,295.09485,58.092983,11.72766,28.21869,35.659344,56.722214,-42.08831,12.417373,75.26956,-17.099882,0.0,0.0,-79.87683,26.789606,-44.708195,2.7999423,-8.5850525,0.0,0.0
460,-21.223087,4.467553,-5.4228706,-0.8032598,14.8599825,17.85393,-2.9655678,-6.498521,-7.990111,3.1180425,-16.62076,0.65599996,3.478178,-0.808675,-30.685764,6.605762,63.906696,86.408104,0.0,0.0,-23.85307,-11.799545,-12.407045,50.768993,84.521255,0.0,0.0,-81.002365,7.6028247,31.680368,23.673403,52.85431,16.721397,-19.673243,-3.305393,255.08002,65.92446,10.580093,18.55043,32.43088,56.714718,-35.91417,11.329076,65.47977,-10.852327,0.0,0.0,-72.13449,23.737394,-40.397713,1.100604,-6.3136244,0.0,0.0
461,-22.008827,4.461909,-5.1473484,-0.59997076,15.399968,18.073282,-3.040357,-6.314228,-5.6702685,3.882185,-16.517756,0.77496177,3.7785544,-0.25469843,-31.016884,6.729533,64.516426,86.1257,0.0,0.0,-24.52747,-11.588449,-12.747765,50.753178,84.22868,0.0,0.0,-75.78144,-2.620348,29.208063,15.909323,51.841244,24.988895,-7.660674,6.590068,211.44058,68.61457,9.544754,9.088087,29.294748,56.258488,-29.28759,9.735973,55.106926,-1.2110205,0.0,0.0,-63.638775,20.257473,-36.64245,-1.093513,0.16373935,0.0,0.0
462,-22.73579,4.3573155,-4.9016953,-0.476645,15.917468,18.38361,-2.9909277,-6.01014,-3.8038082,4.618872,-16.423998,0.79279786,4.0474105,0.2891499,-31.274752,6.827852,65.01253,86.021576,0.0,0.0,-25.109386,-11.417616,-13.058923,50.716564,84.08726,0.0,0.0,-69.767876,-11.076477,28.141937,7.2607546,50.163216,32.17915,1.6090535,10.388493,166.01222,66.69206,8.732638,0.9197996,26.262934,55.406315,-22.641174,8.055753,44.823338,8.399176,0.0,0.0,-55.042187,16.702593,-33.377796,-3.5074518,7.7486734,0.0,0.0
463,-23.403479,4.183181,-4.663962,-0.43883985,16.392212,18.767828,-2.884378,-5.774815,-2.4037344,5.2213283,-16.34327,0.72921824,4.2880864,0.83080935,-31.45452,6.8815813,65.39083,86.26905,0.0,0.0,-25.60225,-11.276528,-13.384109,50.669247,84.30872,0.0,0.0,-63.379253,-17.121094,28.901735,-2.1172018,48.18065,37.090893,7.2215414,7.154355,120.711006,61.007156,8.25019,-4.957126,23.304928,54.21861,-16.432207,6.773978,35.314915,14.29538,0.0,0.0,-47.03093,13.442324,-30.537634,-5.8636007,13.000851,0.0,0.0
464,-24.008976,3.9676132,-4.4042497,-0.4970504,16.830997,19.189817,-2.7639225,-5.69916,-1.4351641,5.6806355,-16.270533,0.6179268,4.5035357,1.3670245,-31.568333,6.9058175,65.66983,86.73668,0.0,0.0,-26.017582,-11.159465,-13.718108,50.608944,84.77753,0.0,0.0,-57.174606,-20.953833,30.864117,-11.750842,45.996613,39.395008,9.92397,0.31651592,76.20618,51.918694,7.991748,-8.503906,20.256653,52.336296,-10.825466,5.6221323,27.063524,15.26386,0.0,0.0,-39.735558,10.496119,-27.67509,-8.084138,14.338864,0.0,0.0
465,-24.545195,3.7381606,-4.088536,-0.66541094,17.255981,19.600334,-2.6575837,-5.8126426,-0.83986074,6.0475516,-16.195488,0.5013716,4.6954703,1.8854412,-31.638186,6.937054,65.88061,87.09946,0.0,0.0,-26.369913,-11.064417,-14.023472,50.52559,85.1703,0.0,0.0,-51.8235,-23.280838,32.745342,-20.933554,43.554863,39.291775,11.487585,-3.934062,32.535343,39.47168,7.7195253,-10.26299,16.879955,49.135445,-5.8226376,3.856355,20.457245,11.633405,0.0,0.0,-32.962574,7.672784,-24.113092,-10.210166,11.343192,0.0,0.0
466,-25.01517,3.5110362,-3.7075298,-0.9455163,17.676918,19.968042,-2.575184,-6.075733,-0.6024601,6.346811,-16.11305,0.40595135,4.8617973,2.3698897,-31.677784,6.989019,66.04813,87.15623,0.0,0.0,-26.668365,-10.992387,-14.268665,50.41242,85.27416,0.0,0.0,-47.758682,-24.745398,33.352486,-29.159794,40.611496,37.01746,13.461082,-1.0786403,-9.226133,22.732359,7.241841,-10.869387,13.062091,44.119183,-1.3247299,0.72213876,15.630576,4.7496777,0.0,0.0,-26.431885,4.799564,-19.483658,-12.263974,4.799239,0.0,0.0
467,-25.446644,3.2749367,-3.3122196,-1.3083518,18.072773,20.305613,-2.4829175,-6.2836676,-0.8128114,6.537508,-16.031038,0.31871164,4.9912105,2.795259,-31.68029,7.019254,66.18206,87.0145,0.0,0.0,-26.908808,-10.951559,-14.437788,50.27101,85.15288,0.0,0.0,-44.83319,-25.81759,31.739477,-36.421474,36.472878,32.874527,16.811396,9.228268,-45.453793,-1.5993066,6.484321,-11.159684,8.998182,37.10991,3.0051653,-4.542055,12.105973,-1.6317102,0.0,0.0,-19.666174,1.7569916,-14.179228,-14.217334,-1.6254807,0.0,0.0
468,-25.869621,3.0156476,-2.9602864,-1.7229598,18.418303,20.62916,-2.3410802,-6.220436,-1.5560949,6.5606947,-15.958934,0.22156742,5.072015,3.1360295,-31.636116,6.978006,66.28958,86.82315,0.0,0.0,-27.084747,-10.950495,-14.519931,50.10445,84.91327,0.0,0.0,-42.785244,-26.936037,27.124283,-42.830975,30.38767,27.199427,22.321262,26.448832,-72.3748,-36.812836,5.410834,-11.960993,4.945126,28.006523,7.515009,-12.584165,9.307417,-3.7958343,0.0,0.0,-12.193774,-1.550342,-8.677343,-16.05041,-4.212259,0.0,0.0
469,-26.290216,2.7374322,-2.6887586,-2.180884,18.686914,20.913305,-2.1199546,-5.827933,-2.665973,6.2634645,-15.904453,0.10672166,5.102791,3.3720372,-31.540329,6.829344,66.37339,86.68149,0.0,0.0,-27.182726,-10.989523,-14.534105,49.921978,84.68777,0.0,0.0,-41.056248,-28.452442,20.29623,-48.926792,21.83678,20.716404,29.53481,46.68197,-88.48836,-81.30359,4.2455816,-13.624554,1.4132996,17.218258,12.189725,-22.567593,6.6213813,-2.634161,0.0,0.0,-4.0852413,-4.9716353,-3.2280977,-17.895092,-3.5906692,0.0,0.0
470,-26.70176,2.454784,-2.5192134,-2.6905782,18.853281,21.108173,-1.7954713,-5.149006,-3.8199952,5.433425,-15.873702,-0.027615283,5.0892115,3.488661,-31.390741,6.546088,66.43401,86.655624,0.0,0.0,-27.185936,-11.063676,-14.518887,49.73576,84.62328,0.0,0.0,-38.88628,-30.668402,13.02171,-55.557453,10.414965,14.363206,37.236748,63.986904,-93.92056,-130.53905,3.3723662,-16.200787,-0.95041287,5.425987,16.809439,-32.756065,3.394826,-1.9945438,0.0,0.0,4.2868958,-8.218927,2.0975795,-19.991087,-3.1853716,0.0,0.0
471,-27.09302,2.1692684,-2.4569695,-3.2657485,18.888323,21.187922,-1.3596884,-4.2616386,-4.783717,3.9343176,-15.8655,-0.18631616,5.042872,3.4780788,-31.189442,6.126022,66.46515,86.75343,0.0,0.0,-27.087955,-11.166666,-14.494858,49.548683,84.76657,0.0,0.0,-35.592464,-33.68447,6.922031,-63.412716,-4.149679,9.1234865,44.239166,74.044495,-90.918755,-177.83551,3.07544,-19.624828,-1.6939409,-6.7486873,21.327055,-41.920807,-0.87499434,-4.2328544,0.0,0.0,12.6533,-11.136194,7.295323,-22.540096,-5.265005,0.0,0.0
472,-27.443499,1.8498646,-2.467249,-3.9334238,18.754951,21.187136,-0.84329003,-3.3255417,-5.544217,1.8176212,-15.860765,-0.38226196,4.989808,3.3499691,-30.948746,5.6272492,66.444374,86.84209,0.0,0.0,-26.908352,-11.289133,-14.438486,49.340504,84.919815,0.0,0.0,-30.679623,-37.1178,3.2178094,-72.80537,-21.825048,6.068481,49.464264,76.600784,-86.92095,-211.48865,3.387964,-23.564842,-0.8568323,-18.86405,26.13703,-50.12253,-6.3334956,-7.977107,0.0,0.0,21.029284,-13.903323,12.532525,-25.653063,-9.193954,0.0,0.0
473,-27.731535,1.4635606,-2.508794,-4.722343,18.415619,21.150507,-0.28242445,-2.502167,-6.1357236,-0.81261075,-15.839075,-0.6288791,4.957525,3.1151638,-30.679668,5.109734,66.348206,86.78191,0.0,0.0,-26.667658,-11.423107,-14.320934,49.08851,84.86818,0.0,0.0,-23.720728,-40.480637,2.9395618,-84.00373,-42.6325,6.098133,51.946697,72.19439,-89.547646,-219.97159,4.2578964,-27.611279,1.3779172,-30.489532,31.659988,-57.55987,-13.07146,-11.360939,0.0,0.0,29.454906,-16.717112,17.937443,-29.36322,-13.826157,0.0,0.0
474,-27.933481,1.0177503,-2.5336986,-5.643104,17.848787,21.136215,0.27999467,-1.8460137,-6.7458944,-3.5193405,-15.795959,-0.9273454,4.965989,2.7726743,-30.365639,4.560499,66.17101,86.59859,0.0,0.0,-26.357517,-11.579436,-14.130648,48.786095,84.62352,0.0,0.0,-14.891509,-42.85006,5.592556,-97.19781,-67.337456,7.9645414,51.807037,63.64234,-99.49634,-202.49043,5.064096,-30.847591,3.97047,-40.814518,37.756065,-63.68196,-21.034391,-13.170206,0.0,0.0,37.617695,-19.342398,22.796705,-32.895233,-17.038647,0.0,0.0
475,-28.026224,0.5433953,-2.4901874,-6.6994047,17.041166,21.21062,0.8002033,-1.3380058,-7.6634054,-5.6695485,-15.737058,-1.272413,5.0300403,2.3126338,-29.970926,3.916953,65.91794,86.42307,0.0,0.0,-25.949743,-11.781742,-13.866512,48.435513,84.34237,0.0,0.0,-4.711057,-43.048317,9.703431,-112.59449,-97.30262,9.047001,49.87663,55.187286,-113.04554,-165.18109,4.8278627,-32.06013,5.348184,-48.856976,43.959824,-67.50428,-30.114958,-12.631998,0.0,0.0,45.03092,-21.285221,25.893343,-34.980686,-16.119335,0.0,0.0
476,-27.99658,0.07750739,-2.3475883,-7.901766,15.960073,21.38738,1.2522522,-0.93887967,-9.024561,-6.883864,-15.674713,-1.6418198,5.141837,1.7477927,-29.480646,3.1669085,65.58651,86.328224,0.0,0.0,-25.436932,-12.034422,-13.54624,48.051907,84.14161,0.0,0.0,6.5779476,-40.553013,13.572596,-130.55038,-133.2663,6.8902674,47.111423,49.995255,-126.22394,-114.81849,2.771364,-30.582167,4.2224193,-53.853996,49.80472,-68.18249,-40.180023,-9.429462,0.0,0.0,51.321686,-22.198298,26.526628,-34.710056,-10.013509,0.0,0.0
477,-27.856468,-0.3302135,-2.126776,-9.279826,14.524672,21.551674,1.6552178,-0.56040484,-10.593435,-7.4145765,-15.637138,-1.9728934,5.238472,1.1456447,-28.930532,2.42102,65.15502,86.241585,0.0,0.0,-24.862318,-12.295052,-13.2326,47.680725,84.036316,0.0,0.0,19.436527,-36.455402,14.98283,-151.8174,-174.48578,-0.509488,44.754475,48.55576,-134.62207,-59.52661,-1.3790162,-27.100527,0.02077632,-55.619133,54.850273,-65.254295,-51.054787,-4.3487186,0.0,0.0,56.426743,-22.109625,25.286844,-32.076134,-1.731615,0.0,0.0
478,-27.617306,-0.63409215,-1.8610576,-10.867475,12.650668,21.574305,2.0352666,-0.11305571,-12.093523,-7.5850286,-15.654168,-2.2032053,5.251869,0.577487,-28.360914,1.798986,64.60078,86.08318,0.0,0.0,-24.273075,-12.518037,-12.989151,47.369236,84.02561,0.0,0.0,34.355278,-31.999386,11.902412,-177.07147,-219.89014,-14.859318,43.916397,50.823174,-134.1155,-7.354674,-7.776766,-22.462574,-7.5883355,-54.11325,58.677597,-58.38917,-62.508938,1.6787684,0.0,0.0,60.34127,-21.121223,22.923729,-27.201271,5.3202567,0.0,0.0
479,-27.240942,-0.8568585,-1.638306,-12.717196,10.2935295,21.380573,2.4234636,0.42425534,-13.421252,-7.4525404,-15.74725,-2.3426547,5.148716,0.06387165,-27.777296,1.3132931,63.92149,85.93558,0.0,0.0,-23.67411,-12.701801,-12.810903,47.13362,84.099884,0.0,0.0,50.978554,-27.411875,5.3167453,-205.47043,-267.22696,-35.24905,43.688286,55.185715,-124.600334,36.873745,-16.067724,-17.034721,-17.403753,-49.99893,61.074154,-48.104946,-73.75701,7.947793,0.0,0.0,63.20503,-19.541706,19.803858,-20.14167,10.160563,0.0,0.0
480,-26.659382,-1.0640988,-1.5821308,-14.88485,7.445255,20.931831,2.8521876,1.0262556,-14.57814,-6.90509,-15.931958,-2.4469068,4.918599,-0.40492237,-27.165506,0.9098279,63.1311,85.985886,0.0,0.0,-23.045929,-12.87219,-12.649724,46.971107,84.243484,0.0,0.0,68.33311,-22.287895,-1.8218566,-235.0692,-313.27017,-58.993523,41.86781,59.00691,-108.60152,70.21687,-25.532558,-10.899705,-27.19626,-44.40973,61.950462,-35.512276,-83.607956,13.867262,0.0,0.0,65.238754,-17.819635,16.063412,-10.945475,13.340944,0.0,0.0
481,-25.8401,-1.2887996,-1.7420131,-17.400812,4.1259365,20.205832,3.3212094,1.6657681,-15.559964,-5.9327264,-16.220808,-2.5451133,4.5657983,-0.8304173,-26.524527,0.5702615,62.245083,86.320045,0.0,0.0,-22.379087,-13.045881,-12.482248,46.890163,84.4377,0.0,0.0,85.71145,-16.078737,-6.8038964,-264.03442,-353.9264,-83.475784,36.69286,60.15133,-88.52328,91.101494,-35.208656,-4.0113783,-35.069313,-38.43745,61.244965,-21.562212,-91.028206,18.017082,0.0,0.0,66.62266,-16.321775,12.002386,0.104899734,14.865925,0.0,0.0
482,-24.841364,-1.4807752,-1.9886276,-20.215181,0.44562262,19.220173,3.7471414,2.30743,-16.330427,-4.780659,-16.618347,-2.598733,4.1301684,-1.1876595,-25.89196,0.3709698,61.28865,86.77607,0.0,0.0,-21.695568,-13.214305,-12.348822,46.929844,84.6559,0.0,0.0,102.906555,-7.9569864,-7.518543,-290.55704,-382.54166,-106.110176,27.519178,57.693203,-66.45882,100.72624,-43.47329,3.924051,-39.872574,-33.094154,58.93134,-6.8962483,-95.263435,16.892296,0.0,0.0,67.40448,-15.226965,8.358898,12.0893755,13.296984,0.0,0.0
483,-23.728582,-1.5790902,-2.1720004,-23.267094,-3.4702926,18.001553,4.0376325,2.9134011,-16.853237,-3.7150166,-17.123846,-2.5610387,3.657555,-1.4531887,-25.308702,0.39356065,60.290226,87.15697,0.0,0.0,-21.02007,-13.366551,-12.293115,47.1289,84.86541,0.0,0.0,119.80583,2.8008792,-2.2247016,-312.87042,-392.22708,-124.41446,14.030029,50.987812,-44.3981,100.79791,-48.680622,13.139192,-40.691307,-29.311136,55.03208,7.863943,-95.66954,7.284519,0.0,0.0,67.62114,-14.692216,5.904587,24.01595,7.2702236,0.0,0.0
484,-22.492641,-1.5410556,-2.211688,-26.507757,-7.4744644,16.611454,4.139005,3.4308603,-17.144651,-2.8038201,-17.69008,-2.4065657,3.2012882,-1.6653316,-24.78784,0.6188582,59.298393,87.28823,0.0,0.0,-20.354914,-13.507881,-12.288163,47.471115,84.97695,0.0,0.0,136.51295,15.24883,7.610538,-329.61313,-377.64935,-137.01842,-2.2565346,40.529743,-23.662457,94.007126,-50.035084,22.737234,-38.02072,-27.230606,50.058964,21.791357,-92.36268,-7.0484767,0.0,0.0,67.4049,-14.949549,5.051015,35.158894,-1.2636834,0.0,0.0
485,-21.082327,-1.3360577,-2.071881,-29.881485,-11.387219,15.140006,4.0221987,3.7952445,-17.253515,-1.9920545,-18.237457,-2.1243417,2.8214412,-1.9010485,-24.326864,0.96192336,58.37906,87.00999,0.0,0.0,-19.691048,-13.653294,-12.261762,47.903427,84.864944,0.0,0.0,153.19542,27.31328,18.415426,-339.6159,-334.57138,-143.21661,-18.571424,27.594597,-5.2348485,83.71168,-47.285515,31.054796,-33.27576,-26.49606,44.86014,33.70399,-85.96551,-17.821936,0.0,0.0,66.95034,-16.276869,5.980869,44.915062,-8.193014,0.0,0.0
486,-19.46781,-0.96118844,-1.7539657,-33.330063,-14.93599,13.6622,3.6900702,3.973081,-17.218596,-1.2437167,-18.704737,-1.7248313,2.5484605,-2.2033193,-23.919094,1.3600408,57.574535,86.350395,0.0,0.0,-19.021656,-13.816583,-12.17195,48.38988,84.52287,0.0,0.0,169.76726,37.031723,26.998856,-342.26544,-262.4492,-143.13264,-32.536713,13.467631,10.256936,72.72496,-40.724472,36.752094,-27.92608,-26.630411,40.047123,43.150105,-77.294655,-19.788403,0.0,0.0,66.37375,-18.840797,8.764207,52.984142,-11.133286,0.0,0.0
487,-17.685137,-0.48040217,-1.3471305,-36.756416,-17.582283,12.229286,3.220547,4.0012302,-17.049555,-0.58338785,-19.07063,-1.2713215,2.345429,-2.5289645,-23.553772,1.8049604,56.879562,85.79161,0.0,0.0,-18.35262,-14.00678,-12.051984,48.934208,84.23332,0.0,0.0,185.35301,42.625744,31.075645,-338.1052,-169.75626,-138.73549,-42.604828,-0.46997586,22.816376,62.57707,-31.921577,39.203392,-23.562374,-26.907057,35.69439,51.314587,-67.646065,-15.098337,0.0,0.0,65.60063,-22.535555,13.219111,59.67906,-11.888219,0.0,0.0
488,-15.777299,0.032634858,-0.95145446,-40.063522,-18.796244,10.885413,2.700075,3.9243622,-16.753971,-0.03951842,-19.321915,-0.8323535,2.1664338,-2.8259208,-23.220255,2.299045,56.281525,85.82684,0.0,0.0,-17.691275,-14.23304,-11.938872,49.54481,84.28327,0.0,0.0,198.9576,42.533978,28.715462,-327.7785,-66.72735,-132.22066,-47.499653,-12.829079,32.560608,54.5318,-22.58727,38.00464,-21.69624,-26.637043,31.791544,59.50348,-58.31333,-6.973984,0.0,0.0,64.55606,-27.186277,19.091755,65.35466,-12.727147,0.0,0.0
489,-13.754048,0.5077325,-0.6412277,-43.218796,-18.594778,9.634954,2.1833549,3.7549279,-16.36399,0.41733128,-19.468792,-0.44609323,1.9783095,-3.0874934,-22.916952,2.8739388,55.76612,86.29748,0.0,0.0,-17.040613,-14.514128,-11.7835865,50.21591,84.513794,0.0,0.0,209.53773,37.34634,20.491764,-311.02783,31.694405,-125.185555,-47.613003,-22.28419,39.79505,48.99102,-13.845299,34.054592,-22.725458,-25.998857,28.277485,67.5883,-49.73279,1.7501717,0.0,0.0,63.486477,-32.296272,25.744015,69.7758,-14.07983,0.0,0.0
490,-11.613024,0.8749205,-0.47544795,-46.21698,-17.347816,8.462234,1.7070119,3.4856586,-15.929307,0.8517223,-19.535927,-0.13286175,1.756903,-3.3349328,-22.649385,3.5773041,55.320213,86.6252,0.0,0.0,-16.40369,-14.873605,-11.482865,50.929592,84.479576,0.0,0.0,215.97566,29.060818,8.625528,-287.10037,107.13068,-118.87556,-44.410984,-27.512705,44.916508,45.825443,-6.481085,29.107635,-26.325615,-25.73025,25.073763,74.48538,-41.828327,8.451403,0.0,0.0,62.849285,-37.139763,32.26191,72.31098,-15.190902,0.0,0.0
491,-9.373591,1.0942624,-0.48767456,-49.023933,-15.471773,7.344691,1.2954884,3.1370833,-15.482023,1.308775,-19.547375,0.10292922,1.4797338,-3.5859323,-22.417303,4.4163365,54.93323,86.50415,0.0,0.0,-15.77737,-15.3141985,-11.00393,51.6692,83.99275,0.0,0.0,217.4156,19.782787,-4.8231373,-255.67224,148.47443,-114.19813,-39.50294,-27.747599,48.405514,44.652195,-0.9948297,24.812868,-31.942587,-26.505518,22.086315,79.2806,-34.38903,11.659118,0.0,0.0,63.12193,-41.199776,38.10369,72.464775,-15.546727,0.0,0.0
492,-7.128908,1.1936307,-0.6537982,-51.501556,-13.482308,6.2568007,0.9497596,2.799593,-15.014782,1.7803093,-19.523518,0.2906884,1.1298581,-3.8457396,-22.209307,5.2936726,54.606243,86.30141,0.0,0.0,-15.150143,-15.785094,-10.488636,52.414772,83.498955,0.0,0.0,213.52301,11.871622,-18.17138,-217.63812,161.3491,-111.32872,-34.79725,-23.464788,50.86439,44.554783,2.6996124,22.569843,-38.487114,-28.83063,19.22038,81.42337,-26.986063,12.597736,0.0,0.0,64.83445,-44.42212,43.57371,70.03828,-15.253067,0.0,0.0
493,-4.9792876,1.2124298,-0.9409979,-53.50554,-11.872493,5.1728053,0.66483265,2.5681958,-14.515121,2.251053,-19.48336,0.46539706,0.69394296,-4.1201525,-22.014166,6.1048703,54.343216,86.44099,0.0,0.0,-14.508121,-16.23294,-10.086298,53.14382,83.482124,0.0,0.0,204.19849,7.567096,-29.869932,-174.18373,153.98268,-110.251335,-32.140114,-15.398942,52.856857,44.590183,4.7911243,23.620893,-44.8248,-33.108532,16.399698,80.4758,-19.226833,12.786762,0.0,0.0,68.48117,-46.837566,49.094448,64.97596,-14.508402,0.0,0.0
494,-2.9849956,1.2054774,-1.3158318,-54.991673,-10.703806,4.072106,0.40831614,2.471435,-13.98026,2.714485,-19.436073,0.6673167,0.19113025,-4.4420934,-21.842289,6.8423204,54.162724,86.84671,0.0,0.0,-13.825747,-16.666435,-9.732657,53.80901,83.779465,0.0,0.0,191.13075,7.3012543,-39.249355,-127.7857,135.67497,-110.014984,-32.143505,-5.109164,54.27524,44.439846,5.626607,27.83111,-50.220566,-38.845116,13.770226,76.6573,-11.52921,12.50083,0.0,0.0,74.05722,-48.650986,54.98358,58.354687,-13.513767,0.0,0.0
495,-1.1784483,1.2375023,-1.745041,-55.98088,-9.760139,2.9360774,0.12991829,2.495345,-13.412956,3.170242,-19.384462,0.9404429,-0.3393228,-4.8623633,-21.717777,7.561252,54.09261,87.12247,0.0,0.0,-13.069028,-17.134596,-9.226083,54.34777,83.814224,0.0,0.0,177.1359,10.351738,-46.210827,-81.690926,116.38344,-109.06944,-34.631485,5.329413,54.582214,44.185284,5.653795,34.19065,-54.198914,-44.979404,11.617919,70.59988,-4.82264,11.216034,0.0,0.0,81.24674,-50.18005,61.498528,51.96882,-12.468715,0.0,0.0
496,0.4348448,1.3547574,-2.2062132,-56.503464,-8.873018,1.7776537,-0.2091383,2.6239393,-12.830238,3.6160293,-19.331774,1.3134117,-0.8729144,-5.397877,-21.64543,8.277259,54.13215,87.052124,0.0,0.0,-12.215752,-17.661846,-8.465833,54.742966,83.31015,0.0,0.0,164.30812,15.592764,-50.540215,-38.51451,103.10099,-106.584076,-38.994236,13.94261,53.623135,43.961246,5.266516,41.387028,-56.224003,-50.680347,10.169918,62.879715,0.15993668,8.972875,0.0,0.0,89.524994,-51.541286,68.38369,47.19252,-10.959662,0.0,0.0
497,1.93634,1.5584623,-2.7088356,-56.621925,-7.9896708,0.67209005,-0.62232745,2.8384583,-12.276413,4.0503464,-19.281933,1.7807696,-1.4286183,-5.987742,-21.580986,8.916006,54.210003,86.87407,0.0,0.0,-11.263158,-18.21703,-7.595846,55.095276,82.73945,0.0,0.0,152.75789,21.007502,-51.806263,1.2836684,95.319244,-103.49258,-43.632915,19.159376,52.194813,44.012394,4.721995,47.491848,-55.653145,-55.77873,9.477393,53.840984,3.269625,7.199628,0.0,0.0,97.96467,-52.37599,74.221054,44.265095,-7.0692844,0.0,0.0
498,3.4089382,1.8401792,-3.2609825,-56.39839,-7.0789046,-0.304468,-1.1152779,3.1157806,-11.794556,4.4724145,-19.238697,2.3283098,-2.0245776,-6.565205,-21.477644,9.396211,54.250713,86.8706,0.0,0.0,-10.214458,-18.76204,-6.7846518,55.513012,82.63786,0.0,0.0,142.30298,24.530579,-49.610252,37.540024,91.40025,-100.92953,-46.8507,19.63888,51.189255,44.57441,4.253108,50.581135,-51.909855,-60.220478,9.555487,43.804844,4.4903083,7.395211,0.0,0.0,105.633316,-52.305866,77.595215,43.192448,0.97850364,0.0,0.0
499,4.8413157,2.157541,-3.8081367,-55.859375,-6.139504,-1.1953458,-1.6519251,3.3868465,-11.3554,4.8977394,-19.20155,2.9042702,-2.6054802,-7.137138,-21.340559,9.7254505,54.250244,87.058205,0.0,0.0,-9.093621,-19.283047,-6.055929,56.002167,82.99351,0.0,0.0,132.50404,25.105574,-44.462536,70.75983,89.139404,-99.308846,-47.55077,16.221401,50.979683,45.586266,4.0518084,49.955357,-45.45857,-64.26826,10.257368,33.117542,4.4818196,9.474462,0.0,0.0,112.364746,-51.574383,79.242485,43.099342,10.77265,0.0,0.0
500,6.163358,2.4467878,-4.2562356,-55.007355,-5.1883516,-2.1214786,-2.170112,3.553411,-10.88279,5.3528,-19.167206,3.4334664,-3.0695257,-7.7583447,-21.207983,9.968438,54.25029,87.28335,0.0,0.0,-7.9364395,-19.782406,-5.339655,56.503796,83.444275,0.0,0.0,122.74576,22.31853,-37.44676,101.91353,85.96615,-98.581245,-45.017147,11.137695,51.607224,46.798252,4.284264,45.6934,-37.420998,-68.39184,11.334334,22.127934,4.33585,12.340302,0.0,0.0,118.49056,-50.822407,81.27943,42.546204,17.227755,0.0,0.0
501,7.329217,2.6573312,-4.5502396,-53.850197,-4.2603626,-3.147709,-2.6170619,3.567589,-10.335288,5.8475976,-19.130838,3.8590045,-3.3589804,-8.460928,-21.100388,10.159212,54.279354,87.44458,0.0,0.0,-6.7617335,-20.264866,-4.578256,56.967575,83.73147,0.0,0.0,112.760254,16.22077,-29.631596,131.67169,80.218155,-98.375824,-39.071045,6.256824,52.82096,47.962257,5.0622277,38.206398,-29.09855,-72.67212,12.694599,11.215027,4.6380286,14.838738,0.0,0.0,124.15027,-50.539127,85.01957,40.726334,17.044584,0.0,0.0
502,8.371093,2.7752357,-4.7373247,-52.398773,-3.4215071,-4.210845,-2.9705153,3.5073156,-9.751921,6.3573413,-19.083557,4.176204,-3.5310664,-9.227634,-20.991936,10.257811,54.331856,87.57701,0.0,0.0,-5.531906,-20.746649,-3.7393217,57.373238,83.86843,0.0,0.0,103.00954,7.9317427,-21.933462,160.34561,72.420784,-97.55046,-30.7911,2.4419162,53.68205,48.857677,6.3690996,28.62475,-22.097351,-76.28732,14.646359,0.69131064,4.722025,15.757524,0.0,0.0,129.0723,-50.81808,89.7902,38.390034,11.46327,0.0,0.0
503,9.328405,2.7923293,-4.876129,-50.66538,-2.7377548,-5.2311063,-3.2137175,3.463443,-9.182179,6.853637,-19.01636,4.387393,-3.6574244,-10.032516,-20.851646,10.217927,54.396214,87.72985,0.0,0.0,-4.208484,-21.244015,-2.799304,57.708046,83.90411,0.0,0.0,94.01221,-1.3015714,-15.179501,188.1344,63.474426,-94.979805,-21.409908,0.33929533,53.24488,49.28803,8.148438,18.150433,-17.946283,-78.33366,17.509533,-9.103632,3.7759364,14.013979,0.0,0.0,132.92174,-51.666874,94.63108,36.474346,2.4026558,0.0,0.0
504,10.21784,2.7103188,-4.992213,-48.658516,-2.2024176,-6.1753645,-3.3519144,3.4643266,-8.648987,7.335212,-18.925209,4.497539,-3.789327,-10.846152,-20.665758,10.052596,54.449642,87.88556,0.0,0.0,-2.816392,-21.764338,-1.7792104,58.0049,83.84136,0.0,0.0,85.48938,-10.624161,-9.297004,215.2082,54.799423,-91.03448,-11.753174,-0.2759988,51.672787,49.311928,10.10556,7.517872,-16.60526,-78.5927,21.07244,-17.6266,1.4529474,10.175236,0.0,0.0,135.46725,-52.7643,98.70703,35.393852,-8.009474,0.0,0.0
505,11.042456,2.5369856,-5.090003,-46.381336,-1.761733,-7.041449,-3.4044552,3.4983077,-8.157633,7.8187547,-18.809107,4.513253,-3.965174,-11.6378765,-20.431253,9.812522,54.462208,87.9839,0.0,0.0,-1.4194332,-22.30996,-0.7272907,58.326294,83.6532,0.0,0.0,76.640526,-19.443205,-3.630804,241.75008,48.140297,-87.038445,-2.3743572,-0.18635972,49.836903,49.15099,11.7951975,-2.8506615,-17.030247,-77.28312,24.787395,-24.21172,-2.3004324,5.8597417,0.0,0.0,136.54494,-53.579224,101.26585,35.228058,-17.52162,0.0,0.0
506,11.79373,2.2828457,-5.1606245,-43.84733,-1.361889,-7.839828,-3.384288,3.5482876,-7.7045035,8.312624,-18.672176,4.438891,-4.1980376,-12.386271,-20.150799,9.536572,54.413868,87.99365,0.0,0.0,-0.06321941,-22.873173,0.31506333,58.70537,83.34629,0.0,0.0,66.941696,-27.384367,2.0232599,267.6592,44.332283,-83.977844,6.2775106,0.07832506,48.32079,48.93579,12.896796,-12.548324,-18.33323,-74.7481,28.195004,-28.57971,-7.2959094,2.3060532,0.0,0.0,136.22514,-53.651203,101.82663,35.854515,-23.872934,0.0,0.0
507,12.445872,1.9625312,-5.1649127,-41.066372,-0.9455074,-8.6213,-3.2887783,3.5860322,-7.258883,8.810283,-18.529375,4.2733483,-4.4421043,-13.102477,-19.83746,9.230117,54.309093,87.957016,0.0,0.0,1.2701788,-23.42896,1.3376247,59.106663,83.007774,0.0,0.0,56.452347,-34.706093,6.8195386,292.47772,41.901085,-81.9259,14.115754,0.62789243,46.955185,48.566357,13.421124,-21.324883,-20.055105,-71.59725,31.112238,-31.478725,-12.817726,-0.2715405,0.0,0.0,135.15761,-52.711395,100.5975,36.671864,-24.909897,0.0,0.0
508,12.971311,1.5903004,-5.0652866,-38.05177,-0.46444115,-9.436246,-3.1141021,3.5855563,-6.790646,9.302493,-18.396173,4.0161004,-4.6480308,-13.799594,-19.505638,8.895067,54.155087,87.92377,0.0,0.0,2.6036735,-23.950493,2.3326263,59.48746,82.73411,0.0,0.0,45.366344,-41.72478,9.762023,315.60547,39.194866,-80.80649,21.080818,1.6767917,45.455597,47.940712,13.421937,-28.942574,-21.834759,-68.44807,33.409676,-33.76752,-18.099989,-1.8228197,0.0,0.0,134.032,-50.57007,97.95479,37.057358,-18.902666,0.0,0.0
509,13.368881,1.1662164,-4.8965464,-34.81851,0.026452547,-10.279264,-2.871164,3.5663688,-6.312644,9.784262,-18.273258,3.6837509,-4.829938,-14.473819,-19.162943,8.546555,53.948956,87.90682,0.0,0.0,3.937185,-24.430721,3.2885063,59.845192,82.58828,0.0,0.0,34.251293,-48.52444,10.038463,335.95764,36.321045,-80.30296,26.99912,3.5463252,43.46291,47.326565,12.917988,-35.253372,-23.702814,-65.5363,35.178078,-35.968174,-22.76924,-2.5209663,0.0,0.0,133.03741,-47.641357,95.097694,36.952835,-9.029982,0.0,0.0
510,13.654344,0.68125093,-4.739844,-31.382692,0.4065335,-11.109254,-2.5802982,3.5770953,-5.865242,10.253328,-18.151846,3.3038547,-5.042559,-15.110543,-18.81262,8.2081,53.68143,87.89549,0.0,0.0,5.2559223,-24.875286,4.1913466,60.203,82.61164,0.0,0.0,23.91439,-55.0392,6.9560056,352.13885,34.513847,-79.94504,31.623842,6.6253242,40.570908,47.22818,11.905746,-40.166607,-25.940195,-62.85281,36.64891,-38.385868,-26.704002,-2.6821976,0.0,0.0,132.04214,-44.725292,93.749916,36.661655,-1.6090854,0.0,0.0
511,13.843439,0.12833436,-4.664421,-27.775787,0.63311374,-11.903161,-2.2580633,3.6523488,-5.47617,10.71411,-18.030205,2.896564,-5.319627,-15.705685,-18.454063,7.879007,53.357365,87.8801,0.0,0.0,6.5543256,-25.292072,5.0535336,60.57427,82.78241,0.0,0.0,15.177848,-60.908386,0.34896186,362.75592,34.75611,-79.42655,34.659958,10.993411,36.604946,48.02065,10.425651,-43.542263,-28.571568,-60.31325,37.92775,-40.9715,-29.939457,-2.5731616,0.0,0.0,130.858,-42.249138,94.67426,36.373295,-0.47030455,0.0,0.0
512,13.9501295,-0.49065605,-4.7089343,-24.090967,0.85504746,-12.678177,-1.9136305,3.7907667,-5.143708,11.184155,-17.924967,2.4662883,-5.6400604,-16.277401,-18.07987,7.501342,53.01864,87.854416,0.0,0.0,7.8413725,-25.691229,5.946054,60.945118,82.92429,0.0,0.0,8.945138,-65.020966,-8.6164465,366.37527,37.36648,-78.85155,35.681133,15.941834,31.985514,49.74736,8.637037,-45.098614,-30.968472,-57.676258,38.799416,-42.803173,-32.862686,-2.3351088,0.0,0.0,129.18068,-39.731033,96.25848,35.986935,-3.2474153,0.0,0.0
513,13.991296,-1.171849,-4.9029207,-20.415108,1.2372906,-13.45889,-1.5550243,3.9855983,-4.8603325,11.683903,-17.853146,2.0149248,-5.9767246,-16.84686,-17.682045,7.017431,52.70554,87.81473,0.0,0.0,9.131166,-26.082947,6.9422374,61.30053,82.8579,0.0,0.0,6.0311866,-66.19726,-18.670929,361.66608,42.450535,-78.37813,34.255497,20.67387,27.176554,52.388203,6.703551,-44.543423,-32.453377,-54.670452,39.01725,-42.88125,-35.91935,-2.0960486,0.0,0.0,126.690575,-36.57684,96.61981,35.36017,-6.736654,0.0,0.0
514,14.010722,-1.876776,-5.2284174,-16.835814,1.7905203,-14.246407,-1.2057108,4.226631,-4.6220546,12.221894,-17.81079,1.5626425,-6.313456,-17.402145,-17.275267,6.48668,52.39274,87.78071,0.0,0.0,10.407365,-26.453327,7.9995213,61.64078,82.62385,0.0,0.0,6.548814,-63.445816,-29.32848,347.96344,48.809208,-78.10736,29.94587,24.517365,22.313898,55.729694,4.706557,-41.52553,-32.77024,-51.072403,38.45588,-40.671383,-39.464867,-2.0531237,0.0,0.0,123.14591,-32.58233,94.79331,34.384304,-8.815619,0.0,0.0
515,14.06956,-2.5451965,-5.636962,-13.438388,2.4267821,-15.027443,-0.8988281,4.5014615,-4.4268312,12.799399,-17.780436,1.1410207,-6.6413193,-17.91064,-16.888426,6.043111,52.01269,87.78687,0.0,0.0,11.63516,-26.773388,9.001866,61.97623,82.40363,0.0,0.0,10.152803,-55.903267,-40.61097,325.04132,54.41054,-78.10306,22.316334,26.88383,17.320333,59.434704,2.6736512,-35.66044,-31.935411,-46.68774,37.068836,-35.94083,-43.79843,-2.4469976,0.0,0.0,118.35425,-27.791376,90.403404,32.97227,-8.054623,0.0,0.0
516,14.209135,-3.116581,-6.09553,-10.303913,3.0674365,-15.797295,-0.67242265,4.7957582,-4.2750263,13.416387,-17.752901,0.7836451,-6.953375,-18.35126,-16.539076,5.764531,51.52861,87.832954,0.0,0.0,12.7900915,-27.02443,9.87273,62.310345,82.31399,0.0,0.0,16.354624,-43.513996,-53.20501,292.9847,58.537342,-78.338905,11.451801,27.463139,12.0936575,63.183815,0.61324215,-26.937157,-30.051311,-41.444057,34.823524,-28.879292,-48.861774,-3.2595427,0.0,0.0,112.23933,-22.327856,83.445526,31.118675,-3.9750738,0.0,0.0
517,14.420632,-3.5270011,-6.6068234,-7.5234847,3.6562684,-16.567682,-0.5774429,5.0885973,-4.173715,14.065775,-17.739872,0.5307618,-7.245229,-18.729113,-16.218773,5.590171,50.983852,87.83276,0.0,0.0,13.866166,-27.211895,10.629356,62.627197,82.308334,0.0,0.0,24.288189,-28.279114,-69.31129,252.85184,63.687653,-78.568184,-1.2140627,26.620592,6.514421,66.68099,-1.4971832,-16.320606,-27.434013,-35.601715,31.734772,-20.746172,-53.692043,-3.8335989,0.0,0.0,105.049545,-16.538397,74.84786,29.029617,1.5759112,0.0,0.0
518,14.690884,-3.7205448,-7.190692,-5.1752,4.156002,-17.354193,-0.6604988,5.3601155,-4.130222,14.742261,-17.75502,0.4188898,-7.5138054,-19.053993,-15.915774,5.444193,50.42752,87.700966,0.0,0.0,14.864763,-27.34526,11.304355,62.910965,82.3217,0.0,0.0,33.043858,-12.458092,-91.01529,205.80978,72.5648,-78.51225,-14.077509,24.84679,0.46033788,69.640175,-3.6662216,-4.9164267,-24.423275,-29.451948,27.820993,-12.857406,-57.243233,-3.466277,0.0,0.0,97.041115,-10.768727,65.59459,26.944689,6.5318737,0.0,0.0
519,15.036437,-3.7095418,-7.9806676,-3.3288682,4.676336,-18.150557,-0.9085496,5.5992384,-4.151141,15.442703,-17.800365,0.44891682,-7.751204,-19.322386,-15.64243,5.329759,49.86098,87.50656,0.0,0.0,15.782512,-27.425985,11.9020815,63.16383,82.36255,0.0,0.0,41.556206,1.6406914,-115.88475,154.15283,84.52467,-77.89063,-25.357439,22.878094,-5.937742,71.66014,-5.587107,5.7999063,-21.355206,-23.327513,23.166483,-5.692854,-58.807316,-1.9805287,0.0,0.0,88.299934,-5.242844,56.05163,25.217394,10.094809,0.0,0.0
520,15.492858,-3.550575,-9.183049,-2.046296,5.4213624,-18.937107,-1.2700962,5.8007884,-4.2424493,16.16579,-17.870424,0.59854686,-7.946707,-19.522638,-15.426212,5.3002877,49.254795,87.41728,0.0,0.0,16.61393,-27.450636,12.4095335,63.399757,82.486244,0.0,0.0,48.664463,11.688533,-138.60013,100.87581,96.77696,-76.42209,-33.16882,21.608835,-12.390829,72.26898,-6.752893,14.123572,-18.562471,-17.583534,17.896446,0.8086848,-57.898083,0.4610304,0.0,0.0,78.79829,-0.10264438,46.184223,24.27246,12.2798815,0.0,0.0
521,16.063004,-3.3083804,-10.862636,-1.3470839,6.49223,-19.6975,-1.6900334,5.9722567,-4.4060807,16.901527,-17.955763,0.8332722,-8.099342,-19.652918,-15.282702,5.3769703,48.6127,87.52798,0.0,0.0,17.352705,-27.420057,12.817274,63.63187,82.715744,0.0,0.0,53.40207,16.36395,-153.58725,48.85235,105.1182,-73.94611,-36.406517,21.712955,-18.649279,71.06429,-6.7711496,18.978642,-16.370945,-12.432491,12.171056,6.860534,-54.49327,3.003105,0.0,0.0,68.45829,4.518741,35.98585,24.372736,12.48672,0.0,0.0
522,16.66994,-3.0655417,-12.738501,-1.1482518,7.7368026,-20.424887,-2.106475,6.152035,-4.6344557,17.619547,-18.037678,1.0900294,-8.232164,-19.735743,-15.197802,5.5005455,48.01998,87.75209,0.0,0.0,17.99132,-27.345613,13.125569,63.871056,82.99346,0.0,0.0,55.28021,16.80116,-154.7565,0.5771892,101.9703,-70.5921,-35.869003,23.323484,-24.572685,67.81056,-5.5344186,20.832726,-15.089202,-7.7325754,6.2268615,13.03324,-49.686985,3.1122289,0.0,0.0,57.069607,8.510722,25.52195,25.385134,8.5731125,0.0,0.0
523,17.228312,-2.9021058,-14.479513,-1.356539,8.953374,-21.111122,-2.4590845,6.3802776,-4.918076,18.284477,-18.096294,1.3052628,-8.370201,-19.794619,-15.155248,5.608428,47.56662,87.97215,0.0,0.0,18.518902,-27.240019,13.334878,64.12638,83.240456,0.0,0.0,53.938076,14.560741,-136.66905,-41.351395,79.9235,-66.54548,-32.67788,26.39704,-30.038057,62.349583,-3.01401,20.419802,-14.976203,-3.3005154,0.33998522,19.868542,-44.76085,-1.5940601,0.0,0.0,44.47137,11.768038,14.891773,27.110294,-1.3442684,0.0,0.0
524,17.723284,-2.8258343,-15.865743,-1.9319727,9.867887,-21.75141,-2.7374613,6.6725044,-5.2532387,18.872883,-18.118143,1.4719359,-8.525746,-19.825819,-15.16152,5.7451606,47.227535,88.039055,0.0,0.0,18.91789,-27.109436,13.445195,64.401085,83.28474,0.0,0.0,49.73832,11.862123,-102.270966,-74.79251,39.147747,-61.969326,-28.335472,29.877565,-35.217155,54.955788,0.47041783,18.944168,-15.692178,1.1344734,-5.1773777,27.252596,-40.982944,-8.858242,0.0,0.0,30.749268,14.395337,3.956079,29.324224,-13.709142,0.0,0.0
525,18.182945,-2.7990742,-16.741934,-2.869665,10.155887,-22.340485,-2.9616673,7.027798,-5.6392045,19.366394,-18.093563,1.618265,-8.702453,-19.80788,-15.237958,6.023289,46.906227,87.78319,0.0,0.0,19.164085,-26.956059,13.454994,64.69385,82.89436,0.0,0.0,43.496864,11.339032,-59.85658,-97.72297,-15.3351145,-57.023636,-24.585817,32.058502,-40.44923,46.189598,4.3728776,17.901144,-16.520494,5.8814707,-9.968681,34.629326,-39.627354,-13.460265,0.0,0.0,16.18678,16.61668,-7.538824,31.783894,-21.47898,0.0,0.0
526,18.6152,-2.7727885,-17.02656,-4.1049695,9.633842,-22.875067,-3.1539254,7.425316,-6.0779357,19.752058,-18.01953,1.7687647,-8.896392,-19.72653,-15.388342,6.49056,46.531048,87.20993,0.0,0.0,19.243204,-26.781244,13.354909,65.007126,82.07886,0.0,0.0,35.88365,14.416816,-17.12469,-109.063,-77.83161,-51.850704,-22.679733,32.1303,-46.12445,36.380234,8.158798,18.292711,-17.10878,10.99548,-13.676293,41.183136,-41.208824,-12.09801,0.0,0.0,1.2098569,18.604578,-19.426846,34.127563,-20.140322,0.0,0.0
527,18.977333,-2.6718051,-16.814743,-5.4276958,8.462106,-23.357267,-3.3407302,7.7966743,-6.578512,20.030151,-17.90889,1.9377228,-9.085711,-19.585533,-15.573253,7.034631,46.09329,86.75189,0.0,0.0,19.165174,-26.584198,13.116109,65.35319,81.43853,0.0,0.0,27.183186,19.563988,19.931688,-110.021996,-141.27924,-46.54353,-22.65655,31.496405,-52.7591,25.267313,11.333753,19.908518,-18.009678,15.915723,-15.943167,45.486187,-44.394455,-6.2560873,0.0,0.0,-13.43278,20.402931,-30.525568,35.70588,-11.472642,0.0,0.0
528,19.220787,-2.425964,-16.233961,-6.611763,6.840421,-23.787642,-3.5475109,8.073599,-7.149834,20.200115,-17.777014,2.1365838,-9.248577,-19.39244,-15.74866,7.525835,45.59707,86.856384,0.0,0.0,18.944412,-26.365038,12.714556,65.74076,81.5933,0.0,0.0,17.761127,24.834036,45.781677,-102.528175,-198.05394,-41.174473,-24.334017,31.802656,-60.878735,12.504614,13.419531,22.357552,-19.847067,20.027487,-16.467031,46.185642,-47.659225,1.7437848,0.0,0.0,-26.94067,22.048695,-39.541058,35.847824,1.5578626,0.0,0.0
529,19.334082,-2.063111,-15.465279,-7.5645905,4.7672186,-24.162294,-3.7887788,8.289173,-7.810876,20.241325,-17.635187,2.3697872,-9.403519,-19.160044,-15.90128,7.938458,45.06455,87.37828,0.0,0.0,18.600307,-26.128448,12.202707,66.13781,82.336395,0.0,0.0,9.155982,28.870754,59.05632,-92.804214,-239.52333,-35.40732,-27.078522,33.62533,-71.219345,-2.7666602,14.206873,25.345715,-22.546328,23.394922,-15.676383,44.04863,-50.625137,8.51316,0.0,0.0,-39.178585,23.804958,-46.181652,34.203712,13.646001,0.0,0.0
530,19.328167,-1.674048,-14.724298,-8.274593,2.1163454,-24.472698,-4.0713835,8.539924,-8.585361,20.119198,-17.49246,2.6367118,-9.59418,-18.904905,-16.036856,8.3113785,44.530872,87.79567,0.0,0.0,18.155529,-25.882694,11.682598,66.48506,82.93527,0.0,0.0,3.68472,30.680162,60.915524,-89.80315,-256.1854,-28.662775,-29.968672,36.856342,-84.62939,-21.69598,13.64655,28.635447,-25.581835,26.49843,-14.457352,41.179226,-53.63738,9.969489,0.0,0.0,-50.38385,26.07279,-50.75661,30.623257,17.973269,0.0,0.0
531,19.238476,-1.3280466,-14.164497,-8.826995,-1.0041333,-24.710995,-4.396047,8.891663,-9.499909,19.794565,-17.359673,2.9367166,-9.84854,-18.635925,-16.160923,8.673025,44.011585,87.79548,0.0,0.0,17.62258,-25.627325,11.210195,66.74626,82.96233,0.0,0.0,2.5448363,29.965544,54.12581,-99.23635,-241.61047,-20.330067,-31.97778,40.693817,-101.89271,-45.47781,11.712383,31.770237,-28.072971,29.659101,-13.416452,38.78233,-56.83794,4.70712,0.0,0.0,-60.64343,29.12497,-53.643417,25.136557,11.706491,0.0,0.0
532,19.1592,-1.0390472,-13.786118,-9.540906,-3.9130485,-24.871252,-4.749288,9.333333,-10.589459,19.216751,-17.251987,3.2697327,-10.155774,-18.34278,-16.277859,9.024152,43.473232,87.58882,0.0,0.0,16.988174,-25.340117,10.726535,66.94258,82.754524,0.0,0.0,4.175928,28.11359,45.2596,-118.82911,-196.82109,-9.717026,-31.83189,42.671368,-123.66016,-75.44505,8.423017,33.7586,-28.289452,32.796406,-12.458678,35.81183,-59.847557,-2.1306906,0.0,0.0,-69.672066,32.92088,-55.362957,18.196428,1.7808515,0.0,0.0
533,19.184778,-0.8108518,-13.559912,-10.741088,-5.873717,-24.944178,-5.1112666,9.836721,-11.888373,18.334084,-17.185276,3.6322691,-10.494356,-18.014162,-16.39112,9.358916,42.880657,87.4476,0.0,0.0,16.241121,-24.998465,10.165288,67.09908,82.72582,0.0,0.0,6.5204577,26.699669,40.99666,-144.71387,-125.10894,3.792686,-28.34535,40.178978,-150.35944,-112.74301,3.8302522,33.58489,-24.488184,35.751987,-11.3941765,30.974554,-62.171078,-4.903868,0.0,0.0,-77.1002,37.328827,-56.38303,10.325693,-3.9278653,0.0,0.0
534,19.306694,-0.6123319,-13.364386,-12.447084,-6.641024,-24.885561,-5.430613,10.330442,-13.46341,17.073965,-17.170914,3.996611,-10.801588,-17.646538,-16.50103,9.659896,42.237793,87.427246,0.0,0.0,15.407781,-24.599031,9.550656,67.195175,82.84517,0.0,0.0,6.659023,26.462456,42.200462,-169.47298,-40.683502,20.321539,-21.76282,31.921167,-181.14807,-157.58847,-1.8772781,30.971949,-16.250095,38.31411,-10.105399,23.87355,-63.02217,-3.9190633,0.0,0.0,-82.6544,41.896038,-56.382366,1.7779336,-4.10571,0.0,0.0
535,19.450811,-0.3911187,-13.020712,-14.480683,-6.2740483,-24.62822,-5.634602,10.713948,-15.39829,15.352175,-17.21782,4.3183913,-10.98739,-17.242376,-16.605467,9.9009695,41.57551,87.44531,0.0,0.0,14.540668,-24.15181,8.966411,67.18033,82.79777,0.0,0.0,1.1182966,27.610346,46.043472,-183.35974,35.134537,39.639206,-13.243049,17.438164,-214.29605,-209.49998,-8.412775,26.107454,-4.0022554,40.22563,-8.5245695,14.695171,-61.41774,-3.259022,0.0,0.0,-86.0897,45.95147,-54.52848,-7.3414693,-1.6008459,0.0,0.0
536,19.531168,-0.11254382,-12.442285,-16.631716,-4.988155,-24.126198,-5.683465,10.894047,-17.735567,13.08896,-17.332111,4.5623174,-10.983934,-16.810856,-16.699514,10.052328,40.931843,87.43272,0.0,0.0,13.677466,-23.667673,8.466061,67.02898,82.45534,0.0,0.0,-12.434117,29.99254,49.775284,-179.75145,86.93993,61.055298,-4.037645,-2.1557355,-247.77296,-266.7653,-15.470002,19.45215,11.030587,41.293972,-6.624196,3.7079606,-56.778275,-4.8619466,0.0,0.0,-87.36434,48.959232,-50.43112,-16.747663,1.9130396,0.0,0.0
537,19.435585,0.21403041,-11.769716,-18.619963,-3.3675508,-23.386202,-5.61864,10.796611,-20.416672,10.215979,-17.513163,4.715882,-10.778736,-16.377287,-16.771528,10.0754795,40.36122,87.35856,0.0,0.0,12.818667,-23.159113,8.026967,66.77748,82.15578,0.0,0.0,-33.52611,32.603527,50.98142,-159.73619,114.03608,82.771126,4.411909,-21.941057,-278.85025,-324.69678,-22.699112,12.114027,25.712252,41.485577,-4.473105,-8.642303,-49.51624,-5.284968,0.0,0.0,-86.930534,50.72166,-44.798737,-25.711893,7.7931447,0.0,0.0
538,19.051931,0.5728666,-11.168042,-20.171892,-2.0099134,-22.422356,-5.4919043,10.364897,-23.373316,6.676856,-17.759901,4.772411,-10.373411,-15.966697,-16.810038,9.933793,39.915905,87.20723,0.0,0.0,11.959251,-22.638325,7.617794,66.4682,82.271935,0.0,0.0,-61.10545,34.34468,47.494305,-125.776535,118.34727,102.93671,10.767501,-36.66895,-304.82098,-378.21478,-29.71918,5.2400613,36.790745,40.801933,-2.1805515,-21.811155,-40.184692,-0.7455363,0.0,0.0,-85.29464,51.112755,-38.45022,-33.499344,17.490349,0.0,0.0
539,18.323332,0.94410646,-10.701324,-21.1893,-1.0509076,-21.262152,-5.3366795,9.720453,-26.54532,2.6018455,-18.072817,4.7530456,-9.845575,-15.580021,-16.81684,9.631014,39.60141,87.076904,0.0,0.0,11.110156,-22.120483,7.2454987,66.1113,82.76812,0.0,0.0,-91.72918,34.49891,39.524822,-83.59016,106.75274,120.68605,15.122033,-43.65869,-324.02335,-421.95654,-35.74431,-0.5769175,42.82312,39.39343,-0.19774045,-34.18279,-29.426178,7.032148,0.0,0.0,-82.77155,50.254562,-31.696789,-39.94612,28.094208,0.0,0.0
540,17.226376,1.3074204,-10.365041,-21.696241,-0.32118207,-19.935898,-5.1737504,9.096416,-29.89543,-1.7804193,-18.454823,4.697077,-9.319026,-15.200277,-16.80249,9.196024,39.390568,87.1375,0.0,0.0,10.287368,-21.61952,6.9391217,65.694405,83.34723,0.0,0.0,-120.590576,32.60696,28.790892,-40.771282,89.32683,135.90892,18.52504,-41.977737,-335.62778,-450.7075,-39.77236,-5.142862,43.600258,37.501923,0.8195295,-43.53699,-17.88367,12.820971,0.0,0.0,-79.54332,48.43084,-24.485325,-45.3021,33.962105,0.0,0.0
541,15.782258,1.640434,-10.153976,-21.74576,0.31063467,-18.476683,-5.0093465,8.663711,-33.35827,-6.2874703,-18.894062,4.6303425,-8.882909,-14.82128,-16.779625,8.668723,39.26761,87.45346,0.0,0.0,9.5036,-21.146658,6.7187023,65.21529,83.79678,0.0,0.0,-143.4566,28.551071,16.972569,-3.70248,73.93051,148.80907,21.747337,-32.353493,-339.2215,-458.9376,-40.91765,-8.44865,39.707127,35.377594,0.39037237,-48.328484,-6.068069,12.867198,0.0,0.0,-75.859146,45.918186,-16.81704,-49.763783,31.58741,0.0,0.0
542,14.118891,1.9168874,-10.061887,-21.462345,0.8760333,-16.92158,-4.8143606,8.436258,-36.807823,-10.863386,-19.343235,4.545477,-8.53904,-14.462528,-16.765736,8.114701,39.24422,87.82871,0.0,0.0,8.760696,-20.704958,6.5801334,64.696396,84.12073,0.0,0.0,-157.62476,23.043304,5.5945263,24.350014,62.945778,160.39204,24.865458,-19.547937,-335.46497,-440.51782,-38.609524,-10.942955,33.657642,33.286404,-1.5243288,-48.72239,5.8581667,7.155258,0.0,0.0,-72.13375,42.972595,-8.821076,-53.407394,22.80575,0.0,0.0
543,12.376608,2.1123185,-10.080659,-20.979948,1.3944563,-15.302133,-4.5572042,8.399201,-40.11983,-15.444526,-19.750753,4.4308233,-8.27445,-14.144526,-16.779005,7.6004333,39.336212,88.03877,0.0,0.0,8.057512,-20.29566,6.5168796,64.16099,84.348465,0.0,0.0,-160.92961,16.909313,-3.9078195,40.94526,57.71831,171.74669,27.830166,-8.716222,-325.24408,-389.77057,-32.417114,-13.120856,28.141487,31.50149,-4.882762,-45.17493,17.743431,-3.5067043,0.0,0.0,-68.80577,39.839684,-0.6818584,-56.282753,10.317847,0.0,0.0
544,10.685774,2.2270033,-10.181199,-20.428003,1.9098153,-13.608295,-4.2437887,8.475719,-43.237957,-19.578413,-20.070091,4.2848125,-8.060433,-13.859984,-16.836605,7.166825,39.556633,87.97879,0.0,0.0,7.389295,-19.92008,6.536611,63.608402,84.42643,0.0,0.0,-154.79955,10.963542,-10.713533,47.59542,57.131218,183.33476,30.28777,-2.7407362,-310.4212,-308.43695,-23.12128,-15.184379,24.628809,30.379898,-9.401022,-38.641403,28.749771,-15.029641,0.0,0.0,-66.35785,36.73671,6.853916,-58.296944,-2.1731749,0.0,0.0
545,9.159552,2.2783043,-10.321106,-19.929802,2.4846778,-11.79364,-3.9025595,8.549144,-46.169506,-22.591793,-20.260567,4.1116834,-7.856632,-13.581893,-16.955061,6.8351517,39.91722,87.62255,0.0,0.0,6.7447414,-19.577105,6.6556277,63.019432,84.24954,0.0,0.0,-142.99051,5.9741006,-14.455215,48.449825,58.456703,195.28029,31.708544,-2.971467,-293.419,-202.73346,-12.243416,-17.160704,23.770216,30.320145,-14.659759,-30.376455,37.67314,-21.29517,0.0,0.0,-65.27971,33.843395,12.729071,-59.283012,-10.404987,0.0,0.0
546,7.864116,2.2861924,-10.46799,-19.550499,3.1444128,-9.825025,-3.5596874,8.529404,-48.92607,-24.031315,-20.301548,3.917918,-7.6310062,-13.287919,-17.142447,6.612722,40.403294,87.04873,0.0,0.0,6.1095734,-19.262701,6.8620462,62.39301,83.82837,0.0,0.0,-129.1757,2.3416317,-14.797821,47.23459,59.42946,206.85216,31.920628,-9.863581,-275.37906,-82.72503,-1.3053037,-19.247332,25.968115,31.374466,-20.143587,-21.909004,43.93909,-18.83613,0.0,0.0,-65.94951,31.275068,16.061705,-59.07382,-11.545935,0.0,0.0
547,6.74635,2.2770593,-10.614299,-19.212471,3.824606,-7.6981864,-3.2342036,8.392494,-51.537777,-24.003077,-20.222433,3.7149367,-7.371323,-12.966876,-17.386223,6.471861,40.935932,86.58962,0.0,0.0,5.460261,-18.964495,7.0745907,61.771286,83.45827,0.0,0.0,-116.761215,-0.446154,-11.500343,46.608604,58.950787,215.28252,31.641447,-21.71182,-254.27356,32.424046,8.213243,-22.07115,31.032963,32.742817,-25.116674,-15.419489,48.560436,-10.758549,0.0,0.0,-68.46189,28.981953,16.435106,-57.514904,-6.3106523,0.0,0.0
548,5.7337203,2.2750676,-10.752194,-18.821053,4.4524083,-5.419303,-2.9408116,8.122845,-54.029934,-22.713459,-20.05995,3.511231,-7.06573,-12.611027,-17.671362,6.3786755,41.43547,86.57968,0.0,0.0,4.7712626,-18.670212,7.2086263,61.1994,83.448906,0.0,0.0,-108.88001,-3.0268526,-4.422006,48.888382,56.180805,217.7014,31.682732,-36.488216,-227.7236,123.29527,14.934478,-26.268503,38.61064,33.571636,-28.867226,-12.9764,52.751045,-1.0839016,0.0,0.0,-72.8223,26.891819,13.545717,-54.506783,3.872954,0.0,0.0
549,4.752975,2.2674224,-10.825266,-18.339241,5.002202,-3.1068325,-2.6614637,7.694076,-56.29666,-20.59224,-19.852398,3.276541,-6.678371,-12.239822,-17.984495,6.2892957,41.916428,86.93525,0.0,0.0,4.0223765,-18.388435,7.2591434,60.691685,83.779106,0.0,0.0,-106.062744,-5.8615475,5.427454,54.206745,51.324036,213.59297,32.402817,-51.89315,-195.2904,181.90884,18.49512,-31.755651,47.31653,33.854607,-31.28792,-14.233224,57.22887,6.780024,0.0,0.0,-78.40457,24.994356,7.6709294,-50.62797,15.251482,0.0,0.0
550,3.7245152,2.2176437,-10.746974,-17.764784,5.482516,-0.9372778,-2.3553903,7.071442,-58.163204,-18.204134,-19.638042,2.954629,-6.1563435,-11.887954,-18.315044,6.153019,42.456726,87.30447,0.0,0.0,3.1927917,-18.139317,7.2730002,60.239185,84.21531,0.0,0.0,-107.119545,-9.31205,16.342896,61.307236,45.23937,203.97041,33.867916,-65.54635,-157.62515,208.20416,19.2255,-38.011154,55.15283,34.134106,-32.682716,-17.278364,62.416943,9.887893,0.0,0.0,-84.20485,23.306547,-0.5563113,-46.87225,22.650246,0.0,0.0
551,2.6030557,2.1035407,-10.477146,-17.0998,5.89863,0.981528,-1.9990314,6.262852,-59.51505,-15.99154,-19.447056,2.5173452,-5.4911003,-11.568968,-18.652761,5.9431295,43.10436,87.444084,0.0,0.0,2.28061,-17.93111,7.264482,59.826893,84.571884,0.0,0.0,-110.78364,-13.501014,26.655453,68.99512,38.839787,190.06161,35.964283,-75.70906,-115.86951,205.18689,17.639431,-44.403206,60.584362,34.79283,-33.40307,-20.466547,68.54637,6.9688644,0.0,0.0,-89.61193,21.883831,-10.644244,-43.745502,22.858837,0.0,0.0
552,1.4239688,1.9386857,-10.09034,-16.354591,6.248614,2.7184381,-1.6107306,5.3799376,-60.39533,-14.090922,-19.289465,2.0054388,-4.782071,-11.243188,-18.988945,5.691337,43.833477,87.38565,0.0,0.0,1.3280083,-17.74167,7.166952,59.424076,84.78789,0.0,0.0,-115.63659,-17.979864,34.82891,76.28336,33.139214,173.57512,38.150223,-82.25314,-72.24438,183.35406,14.696389,-50.059128,63.248756,35.805923,-33.91368,-22.849806,75.40516,0.8471799,0.0,0.0,-94.99804,20.867563,-22.463587,-40.54004,17.539248,0.0,0.0
553,0.2308786,1.7407382,-9.673859,-15.541026,6.5316,4.359888,-1.213715,4.5404053,-60.866783,-12.582419,-19.171383,1.4672942,-4.1365113,-10.86758,-19.316614,5.4361553,44.6109,87.20363,0.0,0.0,0.37785277,-17.545986,6.9067116,59.00281,84.82829,0.0,0.0,-120.28248,-22.221083,39.43911,82.25708,29.11048,156.25906,39.847736,-85.30378,-29.073456,154.011,11.396251,-54.110947,62.998547,37.107983,-34.672035,-23.631624,82.6799,-5.136508,0.0,0.0,-100.82727,20.393139,-35.87183,-36.434586,9.166138,0.0,0.0
554,-0.9782003,1.5124452,-9.263421,-14.67386,6.77179,5.8917418,-0.81469595,3.7517745,-60.945824,-11.422586,-19.0884,0.91972685,-3.5646682,-10.451915,-19.646494,5.193414,45.447342,86.993484,0.0,0.0,-0.59652483,-17.338274,6.467783,58.594524,84.74177,0.0,0.0,-123.85275,-25.776035,40.12764,86.48086,27.074768,139.46887,40.800335,-85.128654,12.045806,124.81712,8.431864,-56.16359,60.138317,38.87266,-35.857536,-22.558825,89.65825,-8.755382,0.0,0.0,-106.932594,20.378384,-49.9629,-31.387375,1.1781828,0.0,0.0
555,-2.2291374,1.2480322,-8.863427,-13.773635,7.0084734,7.2286167,-0.4115519,2.954255,-60.619175,-10.493309,-19.02966,0.3617183,-3.0169423,-10.041722,-19.9992,4.9654493,46.377895,86.8651,0.0,0.0,-1.662068,-17.126034,5.873446,58.270554,84.63132,0.0,0.0,-125.80334,-28.231596,37.22308,88.81117,26.940392,124.3813,40.95459,-82.09112,49.803295,101.21292,6.3112655,-56.119064,55.27878,41.418858,-37.464836,-19.734594,95.34096,-8.488608,0.0,0.0,-112.71343,20.60079,-63.276493,-25.881817,-2.337003,0.0,0.0
556,-3.529531,0.9489891,-8.488207,-12.859716,7.2728586,8.3391285,-0.0051265215,2.1217513,-59.897934,-9.685227,-18.983953,-0.20149769,-2.4688938,-9.6534,-20.387789,4.7613354,47.409595,86.87754,0.0,0.0,-2.852671,-16.913366,5.147149,58.066994,84.57955,0.0,0.0,-125.741905,-29.201462,31.279222,89.3267,28.333763,111.92365,40.211823,-76.52919,83.4607,86.60974,5.4029565,-53.943962,48.983902,44.98318,-39.41551,-15.359645,98.96421,-4.141647,0.0,0.0,-117.56729,20.850286,-74.58282,-20.518494,0.21177241,0.0,0.0
557,-4.829146,0.63713086,-8.181815,-11.957255,7.573415,9.3102,0.3920563,1.3210758,-58.852043,-8.925613,-18.940367,-0.74311364,-1.9657247,-9.235181,-20.803139,4.6096616,48.471672,86.968,0.0,0.0,-4.110252,-16.697641,4.315384,57.936825,84.61818,0.0,0.0,-123.59235,-28.323957,23.357214,88.58874,30.235163,102.59962,38.34328,-68.71147,113.23133,79.87778,5.7753954,-49.724827,41.717255,49.57955,-41.448982,-9.865685,100.27432,1.3210294,0.0,0.0,-120.84033,20.95317,-83.08832,-16.214054,4.397556,0.0,0.0
558,-6.072327,0.33783102,-7.989002,-11.089768,7.913293,10.241811,0.7657505,0.62913764,-57.556725,-8.150067,-18.887844,-1.2334887,-1.5596167,-8.729394,-21.233557,4.5394435,49.48722,87.05948,0.0,0.0,-5.3663692,-16.476208,3.406971,57.823177,84.76353,0.0,0.0,-119.39025,-25.281063,14.602322,87.22713,31.584326,96.72588,35.10323,-58.97967,139.52348,79.17033,7.4261713,-43.592926,33.968002,55.12367,-43.294437,-3.7469003,99.18607,4.7202334,0.0,0.0,-121.95844,20.766672,-88.179115,-13.839047,5.2733474,0.0,0.0
559,-7.2396755,0.0826435,-7.9119697,-10.25262,8.273344,11.17807,1.1015357,0.0799858,-56.043476,-7.328942,-18.813353,-1.64683,-1.2639508,-8.128137,-21.675873,4.551443,50.442387,87.122696,0.0,0.0,-6.5913415,-16.257883,2.4720328,57.699413,84.94228,0.0,0.0,-113.90033,-20.201506,6.2401276,85.81737,31.976185,93.220764,30.264635,-48.62651,163.2933,82.27319,10.062383,-35.973274,26.690575,60.78353,-44.877266,2.1856759,96.66223,5.8711653,0.0,0.0,-121.34501,20.443207,-90.5378,-13.193167,2.3038943,0.0,0.0
560,-8.33002,-0.09184938,-7.9257536,-9.426761,8.618487,12.122943,1.3834133,-0.3176842,-54.322636,-6.458651,-18.702955,-1.9580958,-1.0683051,-7.4582973,-22.130407,4.628101,51.35966,87.15886,0.0,0.0,-7.7750344,-16.059786,1.5784634,57.558945,85.02281,0.0,0.0,-108.38136,-13.526315,-0.41625446,84.90547,31.426874,90.11696,23.636099,-39.602192,185.74603,86.71789,13.19144,-27.515188,21.16958,65.22226,-46.242214,6.8919387,94.35073,6.509831,0.0,0.0,-120.068695,20.32633,-91.67209,-13.388961,-2.192392,0.0,0.0
561,-9.354785,-0.16572256,-7.9987617,-8.594964,8.927288,13.066244,1.5943995,-0.58734393,-52.39263,-5.5390964,-18.54901,-2.1581464,-0.9440102,-6.7489696,-22.598412,4.748235,52.26402,87.179886,0.0,0.0,-8.924222,-15.884499,0.7481739,57.401356,84.93417,0.0,0.0,-103.75386,-5.7657037,-4.5202456,84.686325,30.167732,85.79483,15.205329,-33.365658,207.95871,90.201515,16.321793,-18.799925,18.23829,67.68054,-47.415398,9.749578,93.2452,7.564352,0.0,0.0,-118.87701,20.63592,-92.65756,-13.74987,-6.2794986,0.0,0.0
562,-10.343213,-0.15704271,-8.08528,-7.7536244,9.208463,13.955285,1.7115873,-0.82391965,-50.238808,-4.585983,-18.359932,-2.2720988,-0.8220925,-6.039297,-23.078722,4.882559,53.17515,87.22199,0.0,0.0,-10.0734215,-15.701127,-0.10000346,57.241787,84.75363,0.0,0.0,-100.15139,2.3645413,-6.275515,84.515884,28.931997,79.55288,5.4412026,-30.26283,230.43987,90.80347,18.945824,-10.31104,17.69591,68.76566,-48.35604,11.099663,92.74427,7.9043684,0.0,0.0,-117.71444,21.286694,-93.45767,-14.148688,-9.038895,0.0,0.0
563,-11.3250675,-0.08782115,-8.140897,-6.902297,9.475542,14.734744,1.7131246,-1.1249931,-47.845512,-3.6206996,-18.146688,-2.328069,-0.6336157,-5.3656335,-23.569616,5.0025826,54.10955,87.31855,0.0,0.0,-11.256881,-15.477234,-1.0526369,57.095806,84.57633,0.0,0.0,-97.572655,10.16901,-6.0492105,83.655365,28.485363,70.902084,-5.121947,-30.398005,253.54604,86.84072,20.58424,-2.4659555,19.145496,69.26168,-49.023228,11.442903,92.054344,6.2314053,0.0,0.0,-116.40322,22.134754,-93.82251,-14.556868,-9.788132,0.0,0.0
564,-12.302754,0.040635355,-8.160978,-6.0553703,9.744851,15.390377,1.5988598,-1.4938864,-45.210903,-2.7048044,-17.922108,-2.3286147,-0.38057846,-4.715846,-24.066248,5.1031423,55.053795,87.42816,0.0,0.0,-12.455114,-15.220931,-2.078409,56.95771,84.4475,0.0,0.0,-95.82844,17.535221,-4.2640643,81.725006,29.098572,60.232185,-16.016594,-33.027332,276.80713,78.71511,21.10878,4.899584,21.726261,69.62106,-49.48675,11.447056,90.92197,2.8601573,0.0,0.0,-114.740425,22.886705,-92.95047,-15.139679,-8.812907,0.0,0.0
565,-13.262264,0.24060749,-8.166439,-5.235779,10.034867,15.934943,1.3822613,-1.8738468,-42.338383,-1.9247284,-17.699947,-2.2597406,-0.11022152,-4.045833,-24.562353,5.1941943,55.976357,87.46146,0.0,0.0,-13.615518,-14.966079,-3.0714378,56.807938,84.3802,0.0,0.0,-94.60759,24.733644,-1.373931,78.571526,30.726547,48.483334,-26.831028,-36.867577,299.24777,68.155525,20.615978,12.33236,24.283127,70.0831,-49.887917,11.887404,89.439186,-0.862752,0.0,0.0,-112.50422,23.153706,-89.68204,-16.188232,-7.019003,0.0,0.0
566,-14.194994,0.5175206,-8.16688,-4.464234,10.356904,16.372843,1.0731746,-2.2365928,-39.24876,-1.3304603,-17.493174,-2.1119227,0.14608425,-3.332859,-25.053816,5.289245,56.854847,87.37782,0.0,0.0,-14.704285,-14.735979,-3.9530003,56.633354,84.368195,0.0,0.0,-93.66074,31.789059,2.3581858,74.1534,33.27967,36.600544,-37.076046,-40.97883,319.76724,56.956482,19.294237,20.078974,26.099215,70.66167,-50.300354,13.203466,87.744125,-3.9676297,0.0,0.0,-109.63542,22.816898,-83.792274,-17.832067,-5.2709327,0.0,0.0
567,-15.118342,0.8620913,-8.1432705,-3.7452934,10.708368,16.693764,0.66919553,-2.630661,-35.968513,-0.87215126,-17.309933,-1.8863157,0.40105125,-2.5992303,-25.548082,5.4109683,57.701626,87.25821,0.0,0.0,-15.749565,-14.523833,-4.7264094,56.435196,84.35873,0.0,0.0,-92.88012,38.201664,7.1746907,68.6519,36.594013,25.36655,-46.20889,-45.333256,337.265,46.878826,17.539495,27.731035,27.573536,70.834854,-50.634388,15.015465,86.05408,-6.4965954,0.0,0.0,-106.443985,22.42368,-77.30946,-19.814522,-4.281719,0.0,0.0
568,-16.049831,1.2627425,-8.072374,-3.0831265,11.085163,16.88694,0.16839443,-3.1095302,-32.530563,-0.48847327,-17.156849,-1.585858,0.6725413,-1.8739724,-26.052485,5.580298,58.532066,87.192924,0.0,0.0,-16.783869,-14.318659,-5.40806,56.217068,84.29903,0.0,0.0,-92.17766,43.377045,13.306633,62.30067,40.481277,15.566782,-53.65134,-49.982544,350.5783,39.604694,15.759234,34.754513,29.212435,70.059944,-50.767902,16.840256,84.55713,-8.654694,0.0,0.0,-103.25489,22.570776,-72.44606,-21.85784,-4.6752725,0.0,0.0
569,-16.983274,1.7102628,-7.9319305,-2.488269,11.495545,16.973846,-0.4081224,-3.6588416,-28.975584,-0.1406058,-17.026611,-1.2148668,0.9673134,-1.1726075,-26.56328,5.784098,59.355766,87.17259,0.0,0.0,-17.80735,-14.107753,-6.0448117,55.981964,84.21479,0.0,0.0,-91.420906,46.68097,20.031008,55.49949,44.625225,8.062594,-58.731537,-54.394238,358.2933,35.759735,14.13299,40.44418,30.890793,68.48861,-50.493923,18.41841,82.93862,-10.860644,0.0,0.0,-99.88842,23.283817,-69.603516,-24.125118,-6.272178,0.0,0.0
570,-17.898369,2.1975372,-7.700017,-1.9747497,11.956287,16.9967,-1.0252007,-4.221371,-25.344868,0.19621247,-16.902822,-0.77801424,1.2853742,-0.50115407,-27.07021,5.987604,60.179565,87.12367,0.0,0.0,-18.800549,-13.877034,-6.7038593,55.732193,84.18203,0.0,0.0,-90.447624,47.453392,26.018557,48.74657,48.63196,3.7598665,-60.718063,-57.66295,358.83228,35.2911,12.691882,43.987957,32.078842,66.71656,-49.549423,19.635609,80.55731,-13.671442,0.0,0.0,-95.83508,24.222355,-68.01725,-27.066664,-8.3779125,0.0,0.0
571,-18.781244,2.7025948,-7.375558,-1.5476749,12.472695,16.997446,-1.6461967,-4.7656145,-21.716063,0.54558325,-16.7768,-0.29467037,1.62069,0.13886622,-27.561924,6.171517,60.995396,86.99318,0.0,0.0,-19.743599,-13.621036,-7.417235,55.46359,84.21667,0.0,0.0,-89.14121,45.242756,30.224077,42.43905,52.089397,3.1204102,-59.024178,-58.787632,351.25623,37.93851,11.405631,44.754993,32.39663,65.20259,-47.737793,20.381908,76.89529,-16.595526,0.0,0.0,-90.72011,25.048063,-66.90471,-30.978512,-9.912439,0.0,0.0
572,-19.645887,3.1733592,-7.005345,-1.183801,13.027595,17.016651,-2.2393277,-5.331794,-18.209389,0.93302524,-16.657541,0.18555793,1.9568077,0.76498616,-28.03108,6.3577847,61.769367,86.78035,0.0,0.0,-20.629034,-13.352476,-8.138568,55.153103,84.18556,0.0,0.0,-87.48556,40.11629,32.398106,36.63686,54.595783,5.467399,-53.442604,-56.59177,336.19467,42.960506,10.082072,42.605675,31.861877,64.029495,-45.014824,20.567562,71.71958,-16.61321,0.0,0.0,-84.46015,25.455544,-65.46977,-35.80544,-8.905281,0.0,0.0
573,-20.507145,3.555372,-6.6415257,-0.8583717,13.599895,17.092094,-2.7713122,-5.9591694,-14.950536,1.3826681,-16.556276,0.6102135,2.2760398,1.394967,-28.4698,6.570759,62.464268,86.50095,0.0,0.0,-21.449118,-13.086642,-8.812323,54.777035,83.957115,0.0,0.0,-85.449524,32.266174,32.460716,31.311651,55.787647,9.980322,-43.907295,-49.992622,314.49918,49.548203,8.530821,37.521706,30.559845,63.20545,-41.37112,20.109777,64.88671,-10.746454,0.0,0.0,-77.03882,25.159971,-62.96749,-41.422432,-3.5296912,0.0,0.0
574,-21.360668,3.8284006,-6.311493,-0.56695575,14.171121,17.232424,-3.1955783,-6.563364,-11.980882,1.9061185,-16.477068,0.9546175,2.5707662,2.0302374,-28.867428,6.7955265,63.066376,86.2709,0.0,0.0,-22.192268,-12.832559,-9.425644,54.331844,83.67403,0.0,0.0,-82.63649,22.47219,31.051336,25.856068,55.811565,16.02852,-31.398561,-39.377083,286.95218,56.90872,6.8311334,30.131958,28.699688,62.48833,-36.923935,18.999723,56.755898,-0.925329,0.0,0.0,-68.63507,24.076563,-59.229893,-47.557617,4.794233,0.0,0.0
575,-22.190735,3.994358,-6.0263653,-0.31794125,14.725158,17.427843,-3.4572856,-6.981029,-9.284557,2.507679,-16.419287,1.212216,2.8401575,2.662485,-29.211918,6.9921837,63.577595,86.270294,0.0,0.0,-22.845171,-12.594951,-9.993761,53.826275,83.655136,0.0,0.0,-78.4096,11.878804,29.269459,19.282497,55.140575,23.111927,-17.5525,-26.061708,254.24933,64.26741,5.2336807,21.470438,26.5673,61.47405,-31.865406,17.27382,47.998177,7.776903,0.0,0.0,-59.542595,22.246885,-54.454468,-53.851788,12.569002,0.0,0.0
576,-22.975527,4.054672,-5.78577,-0.12808745,15.252372,17.677475,-3.5276904,-7.1141686,-6.8842874,3.178433,-16.380491,1.3770418,3.0839934,3.2797372,-29.49543,7.1372304,64.00058,86.560394,0.0,0.0,-23.395966,-12.3807,-10.519636,53.26689,84.040855,0.0,0.0,-72.50888,1.5936621,28.03415,11.01327,54.097157,30.523386,-4.036559,-12.06692,217.3922,70.58822,3.9307122,12.564923,24.359165,59.92723,-26.378439,15.029277,39.078964,11.912618,0.0,0.0,-50.241653,19.843899,-49.13195,-59.749836,17.166208,0.0,0.0
577,-23.689308,4.010689,-5.558377,-0.030921653,15.765846,18.005447,-3.4453332,-7.0328927,-4.8654633,3.8851757,-16.353268,1.4470206,3.306646,3.8694954,-29.724773,7.2507396,64.345474,86.90959,0.0,0.0,-23.844597,-12.199114,-10.982277,52.64793,84.52858,0.0,0.0,-65.55007,-7.517707,27.780119,1.4043874,52.613083,37.13719,7.612306,-0.917953,177.71205,74.2919,2.9443314,4.2982783,22.022652,58.018642,-20.555433,12.487262,29.836754,12.247954,0.0,0.0,-41.54664,17.332005,-44.391716,-64.30312,18.26778,0.0,0.0
578,-24.3069,3.8657856,-5.310411,-0.060197923,16.27896,18.434088,-3.2583823,-6.8335385,-3.3179672,4.591334,-16.329983,1.4224477,3.5121145,4.4197927,-29.907078,7.3565874,64.62029,87.0645,0.0,0.0,-24.193583,-12.058436,-11.360958,51.96587,84.77762,0.0,0.0,-58.2834,-14.662501,28.787016,-9.023514,50.567192,41.80999,15.989849,4.0037804,136.60405,73.68427,2.2692223,-2.5066237,19.469616,55.94604,-14.485312,9.851126,20.081648,10.170139,0.0,0.0,-34.275406,15.173481,-41.339603,-66.559326,15.992439,0.0,0.0
579,-24.833641,3.6512315,-5.02717,-0.21779129,16.780603,18.925194,-3.0169039,-6.635839,-2.217872,5.275043,-16.307709,1.330304,3.6978579,4.938736,-30.035227,7.451648,64.80611,87.02406,0.0,0.0,-24.468971,-11.945362,-11.691466,51.254578,84.769615,0.0,0.0,-51.427437,-19.68596,30.339928,-19.581425,47.89166,44.057423,21.281662,3.8426263,95.00202,66.83504,1.8425883,-7.6420474,16.589304,53.50005,-8.274024,6.87298,10.203243,7.1709237,0.0,0.0,-28.525885,13.270084,-39.61322,-66.333824,11.694502,0.0,0.0
580,-25.29448,3.4161775,-4.7062488,-0.48508018,17.243954,19.401722,-2.7721076,-6.574312,-1.4682374,5.923756,-16.286547,1.214678,3.8571293,5.4472866,-30.092985,7.5154448,64.86677,86.94931,0.0,0.0,-24.711878,-11.832785,-12.045811,50.571896,84.69329,0.0,0.0,-45.67975,-22.843987,31.085056,-29.472677,44.55264,43.819466,24.695581,2.6522818,53.54463,51.663265,1.5648094,-11.296204,13.256647,50.209377,-2.0387654,3.0156925,0.9635783,4.806658,0.0,0.0,-23.932905,11.163309,-37.906452,-63.93593,7.520047,0.0,0.0
581,-25.711391,3.1908185,-4.357503,-0.84477985,17.652617,19.815926,-2.5496597,-6.69874,-1.0286366,6.4792614,-16.266655,1.1017264,3.983219,5.949609,-30.072287,7.529276,64.79219,86.95211,0.0,0.0,-24.946299,-11.710057,-12.457902,49.956226,84.68477,0.0,0.0,-41.50331,-24.520582,29.89016,-38.11643,40.408813,41.22579,27.420088,4.2070594,13.328276,26.457956,1.3828874,-13.7935295,9.414434,45.555855,4.0084414,-1.955883,-6.949761,3.7547443,0.0,0.0,-20.077055,8.448309,-35.031006,-59.765987,4.6851606,0.0,0.0
582,-26.095615,2.9597101,-4.0226555,-1.2811295,18.013727,20.190731,-2.3140922,-6.8497224,-1.0021579,6.76776,-16.248322,0.97377086,4.0689125,6.404921,-29.98577,7.4795094,64.6376,87.01728,0.0,0.0,-25.152166,-11.608214,-12.864102,49.401367,84.743,0.0,0.0,-38.812206,-25.388447,26.203339,-45.409706,35.08373,36.8752,30.537918,11.462499,-23.154575,-9.391558,1.3604171,-15.761511,5.198699,38.95117,9.384325,-7.4908338,-12.996923,2.543254,0.0,0.0,-16.449104,4.8855586,-30.147066,-54.458344,2.1138654,0.0,0.0
583,-26.458748,2.7019312,-3.7457883,-1.7802181,18.33678,20.556847,-2.0221825,-6.843192,-1.4921712,6.6079044,-16.231562,0.8083094,4.1079073,6.7693973,-29.849154,7.3553023,64.4642,87.10878,0.0,0.0,-25.305668,-11.562052,-13.190696,48.893158,84.84261,0.0,0.0,-37.393333,-26.15445,19.66237,-51.3861,28.139553,31.448994,35.03628,26.811459,-53.4761,-55.96542,1.5830215,-17.8579,0.78397465,29.83978,13.648371,-12.996104,-16.77776,-0.5076617,0.0,0.0,-12.541663,0.29625887,-22.569332,-48.645477,-1.5207529,0.0,0.0
584,-26.814352,2.423492,-3.5607986,-2.32933,18.597021,20.891632,-1.6577909,-6.565357,-2.381679,5.9006786,-16.213873,0.60849386,4.0987244,7.016278,-29.678957,7.168081,64.29299,87.1699,0.0,0.0,-25.404093,-11.584082,-13.395546,48.433735,84.91632,0.0,0.0,-36.731995,-27.336632,11.130944,-56.38901,19.031967,25.891447,40.856796,47.542183,-76.3276,-107.93242,2.1995118,-20.442015,-3.3547266,18.381447,17.015547,-18.5066,-18.840607,-5.7139006,0.0,0.0,-8.213943,-4.9548545,-12.918597,-42.737804,-6.336535,0.0,0.0
585,-27.177565,2.1474876,-3.4947047,-2.9167893,18.748016,21.138592,-1.222014,-5.947879,-3.4117162,4.6006927,-16.191133,0.39384443,4.0431123,7.1302004,-29.492151,6.943568,64.11904,87.13071,0.0,0.0,-25.458466,-11.672367,-13.457198,48.0352,84.86995,0.0,0.0,-36.115707,-29.332994,2.2604527,-60.968266,7.1460285,21.31458,47.27104,67.66405,-91.15775,-156.49883,3.3989613,-23.68333,-6.5523605,5.1923842,20.126911,-24.46457,-20.349422,-12.513816,0.0,0.0,-3.5573657,-10.155962,-2.653021,-37.000366,-11.67546,0.0,0.0
586,-27.553276,1.8793284,-3.553399,-3.5398524,18.748268,21.274858,-0.71591353,-4.997673,-4.3943563,2.7252998,-16.158749,0.17030007,3.9482388,7.102261,-29.294153,6.691185,63.932274,86.949455,0.0,0.0,-25.47442,-11.819267,-13.376536,47.7025,84.65999,0.0,0.0,-34.843315,-32.397717,-5.477087,-65.65667,-7.902727,18.762482,53.576187,82.48264,-99.25759,-193.38649,5.3104663,-27.667625,-8.26647,-9.287209,23.537941,-31.334864,-22.102161,-19.77647,0.0,0.0,1.4352357,-14.791442,7.056456,-31.711485,-16.518318,0.0,0.0
587,-27.918694,1.5822259,-3.690708,-4.213382,18.569527,21.360525,-0.14327787,-3.9109707,-5.3148813,0.45687047,-16.11128,-0.0885916,3.8351061,6.9393888,-29.06343,6.381598,63.712303,86.655594,0.0,0.0,-25.44381,-12.002644,-13.2091055,47.4248,84.36974,0.0,0.0,-32.25953,-36.415257,-11.031978,-70.905464,-25.825247,19.118526,59.117744,90.52236,-106.35532,-211.50163,7.900501,-32.25547,-8.25418,-24.96759,27.55396,-39.57346,-23.963867,-24.964653,0.0,0.0,6.9878044,-18.81038,15.712692,-27.221855,-18.962751,0.0,0.0
588,-28.248278,1.21495,-3.8546464,-4.95677,18.18654,21.46749,0.49222097,-2.8958852,-6.1992474,-1.9939874,-16.042484,-0.41299433,3.7266164,6.6478643,-28.77526,5.9798265,63.43953,86.29166,0.0,0.0,-25.356466,-12.200799,-13.013562,47.18749,84.09727,0.0,0.0,-27.775455,-41.16747,-13.552865,-77.17122,-46.362743,23.02317,63.307823,91.06733,-118.37235,-204.78427,11.071877,-37.22807,-6.38547,-41.806698,32.435135,-49.595695,-25.713045,-25.546698,0.0,0.0,13.339249,-22.241123,22.975811,-23.820417,-17.157366,0.0,0.0
589,-28.513634,0.7710017,-4.0135665,-5.7806873,17.584171,21.653494,1.168148,-2.0175922,-7.193839,-4.283808,-15.939651,-0.8090995,3.648423,6.199557,-28.424358,5.4647217,63.130737,85.93733,0.0,0.0,-25.201654,-12.414937,-12.793619,46.976418,83.90192,0.0,0.0,-21.540407,-45.743034,-13.341076,-84.88748,-70.04194,28.738764,65.92017,85.809,-135.40105,-175.05687,14.181761,-41.64315,-3.2172694,-58.99049,38.189617,-61.032265,-27.658442,-21.098492,0.0,0.0,20.281944,-24.986677,28.660551,-21.227608,-11.099903,0.0,0.0
590,-28.684864,0.26603758,-4.1489077,-6.690679,16.753809,21.967175,1.8503963,-1.2487307,-8.5229025,-5.985476,-15.785948,-1.267806,3.6278403,5.5443482,-28.017763,4.823867,62.82584,85.69599,0.0,0.0,-24.968323,-12.661056,-12.5176935,46.777496,83.81803,0.0,0.0,-14.177168,-48.788174,-11.445643,-94.47713,-97.90407,32.99618,66.966705,77.9999,-153.79335,-129.24622,16.237806,-44.097286,0.24960293,-75.219025,44.665432,-73.0124,-30.451082,-12.559455,0.0,0.0,27.325027,-26.873158,32.688797,-18.79442,-1.9832168,0.0,0.0
591,-28.747978,-0.27356243,-4.2452617,-7.6965513,15.669657,22.406832,2.5124938,-0.56537277,-10.284562,-6.846061,-15.58285,-1.7641621,3.6754663,4.6685457,-27.556038,4.0511365,62.53878,85.63311,0.0,0.0,-24.652786,-12.944165,-12.172248,46.58662,83.86585,0.0,0.0,-6.125314,-49.37965,-8.860544,-106.548584,-130.60385,32.741005,66.655174,70.589264,-169.69093,-74.6516,16.288334,-43.606205,2.9497373,-89.054146,51.50734,-84.03457,-34.759895,-1.7127538,0.0,0.0,34.021477,-27.668373,34.916626,-16.025808,8.375475,0.0,0.0
592,-28.727911,-0.79667646,-4.2944317,-8.820188,14.261668,22.84841,3.1478832,0.04497146,-12.267598,-7.042219,-15.376585,-2.2355745,3.7610404,3.647188,-27.022705,3.1542838,62.218525,85.72067,0.0,0.0,-24.268919,-13.242153,-11.788836,46.423927,84.03245,0.0,0.0,2.6542356,-47.66232,-6.4122057,-122.18639,-167.87729,25.492098,65.66161,65.71734,-178.8774,-19.21298,13.489854,-40.22416,3.676784,-98.74773,57.876255,-91.07878,-41.293385,7.657584,0.0,0.0,40.04983,-26.998652,35.03346,-12.814274,16.686777,0.0,0.0
593,-28.651863,-1.2503175,-4.292167,-10.084029,12.46127,23.15073,3.7522295,0.5952814,-14.216764,-6.804463,-15.220119,-2.6163304,3.8470275,2.5710616,-26.404016,2.1536322,61.80754,85.91444,0.0,0.0,-23.834272,-13.527759,-11.407403,46.312073,84.29562,0.0,0.0,12.269041,-43.948193,-4.8151603,-142.37332,-209.06816,9.195988,64.61621,65.16771,-177.41862,29.174957,7.161914,-34.20567,1.3598129,-102.66681,62.869812,-91.10891,-50.61469,11.704949,0.0,0.0,45.09565,-24.527882,32.76095,-9.117816,19.651007,0.0,0.0
594,-28.503788,-1.6283674,-4.2694035,-11.550753,10.224298,23.20936,4.3427277,1.1528172,-16.003817,-6.2428145,-15.156396,-2.8930306,3.8873675,1.5081359,-25.721495,1.1466943,61.270496,86.150345,0.0,0.0,-23.359446,-13.775926,-11.067581,46.25305,84.592636,0.0,0.0,23.214563,-38.525303,-3.6571476,-166.85733,-252.40834,-14.630502,62.745934,67.77101,-165.69292,66.98893,-1.8268236,-26.13209,-3.2304595,-101.498764,66.00378,-83.874695,-61.861465,9.805834,0.0,0.0,48.995014,-20.560095,28.475622,-4.821636,16.818653,0.0,0.0
595,-28.239876,-1.9528732,-4.2793746,-13.304935,7.527021,22.941917,4.94802,1.8173126,-17.575106,-5.3887787,-15.222618,-3.0841172,3.8303194,0.5152194,-25.02112,0.28356904,60.587463,86.35141,0.0,0.0,-22.85189,-13.961981,-10.810099,46.236195,84.83422,0.0,0.0,36.204094,-31.669882,-1.8113477,-194.54037,-295.28336,-42.159298,58.380253,70.48252,-146.80743,93.31378,-11.606049,-16.803776,-8.146149,-97.38107,67.03944,-70.8857,-73.23535,3.3732681,0.0,0.0,51.65849,-15.811314,22.971882,0.22486036,9.540351,0.0,0.0
596,-27.822697,-2.2352154,-4.342451,-15.399907,4.384872,22.311964,5.5647135,2.6259778,-18.89352,-4.30311,-15.430213,-3.2011178,3.6587865,-0.37774602,-24.339653,-0.33279026,59.759262,86.4343,0.0,0.0,-22.32065,-14.075194,-10.651536,46.258144,84.937416,0.0,0.0,51.593575,-23.476904,1.7433902,-224.0576,-334.32196,-69.931725,50.235367,70.76465,-123.69551,108.05489,-20.579426,-6.8296614,-11.867534,-91.98654,65.99397,-53.92882,-83.28699,-5.172574,0.0,0.0,53.073215,-10.935886,16.920969,6.1608267,0.05140175,0.0,0.0
597,-27.23076,-2.4597335,-4.397705,-17.81471,0.903939,21.39332,6.11111,3.462651,-19.960464,-3.1198554,-15.728168,-3.237323,3.4404154,-1.2070588,-23.689548,-0.7172307,58.835648,86.30051,0.0,0.0,-21.778143,-14.138989,-10.549225,46.33405,84.83549,0.0,0.0,68.87718,-13.58505,7.74969,-253.4597,-364.36258,-95.51525,37.99271,67.39026,-98.72368,113.018295,-27.869053,3.6716623,-13.971863,-85.78363,63.497013,-35.375614,-91.46726,-11.033109,0.0,0.0,53.410202,-6.415448,10.668151,13.104954,-7.3270135,0.0,0.0
598,-26.448786,-2.6038666,-4.3733335,-20.507612,-2.7852159,20.276392,6.4946976,4.1915145,-20.780123,-1.9816061,-16.057993,-3.1824162,3.2516456,-2.0118728,-23.081137,-0.9019307,57.874115,85.87752,0.0,0.0,-21.239037,-14.179883,-10.457299,46.481342,84.48618,0.0,0.0,87.36498,-1.7257919,16.69641,-280.6209,-379.89548,-116.623886,21.685833,59.498833,-74.1952,110.30828,-32.726887,14.543762,-14.294819,-79.04683,60.25982,-17.607975,-97.36589,-9.510721,0.0,0.0,52.875908,-2.70635,4.5426774,21.103338,-8.401357,0.0,0.0
599,-25.476122,-2.6226902,-4.2160697,-23.44435,-6.5972676,19.00499,6.660338,4.7572694,-21.371258,-0.943733,-16.398577,-3.0172286,3.1119585,-2.788364,-22.51125,-0.93148077,56.89068,85.41346,0.0,0.0,-20.711958,-14.203362,-10.391671,46.715656,84.09655,0.0,0.0,106.58465,10.9881,26.921494,-303.81766,-375.91284,-132.11674,3.1275303,48.01392,-51.433342,102.32773,-35.00339,24.8499,-13.848177,-71.591194,56.73817,-1.188594,-100.99776,-1.5099607,0.0,0.0,51.77398,-0.054049265,-1.0498049,29.738382,-4.4541483,0.0,0.0
600,-24.323423,-2.456168,-3.884439,-26.587088,-10.463367,17.596094,6.5749354,5.153336,-21.757961,-0.00979197,-16.751791,-2.716775,3.0049949,-3.5020995,-21.970407,-0.856787,55.877983,85.361984,0.0,0.0,-20.203556,-14.201163,-10.408242,47.051193,84.033356,0.0,0.0,126.1424,22.523108,35.3628,-321.47873,-347.61505,-141.4952,-14.687265,35.013134,-31.219946,91.64503,-34.905804,33.11541,-14.389309,-62.959267,53.23172,14.421691,-102.61957,8.493261,0.0,0.0,50.468407,1.41458,-5.6320944,38.270634,-0.25234038,0.0,0.0
